-909.5	69.5	-170.5
-908.5	69.5	-171.5
-907.5	69.5	-172.5
-906.5	69.5	-173.5
-905.5	69.5	-174.5
-904.5	69.5	-175.5
-903.5	69.5	-176.5
-902.5	69.5	-177.5
-901.5	69.5	-178.5
-900.5	69.5	-179.5
-899.5	69.5	-180.5
-898.5	69.5	-181.5
-897.5	69.5	-182.5
-896.5	69.5	-183.5
-895.5	69.5	-184.5
-894.5	69.5	-185.5
-893.5	69.5	-186.5
-892.5	69.5	-187.5
-891.5	69.5	-188.5
-890.5	69.5	-189.5
-889.5	69.5	-190.5
-888.5	69.5	-191.5
-887.5	69.5	-192.5
-886.5	69.5	-193.5
-885.5	69.5	-194.5
-884.5	69.5	-195.5
-883.5	69.5	-196.5
-882.5	69.5	-197.5
-881.5	69.5	-198.5
-880.5	69.5	-199.5
-879.5	69.5	-200.5
-878.5	69.5	-201.5
-877.5	69.5	-202.5
-876.5	69.5	-203.5
-875.5	69.5	-204.5
-874.5	69.5	-205.5
-873.5	69.5	-206.5
-872.5	69.5	-207.5
-872.5	69.5	-208.5
-872.5	69.5	-209.5
-872.5	69.5	-210.5
-872.5	69.5	-211.5
-872.5	69.5	-212.5
-872.5	69.5	-213.5
-872.5	69.5	-214.5
-871.5	69.5	-215.5
-871.5	69.5	-216.5
-870.5	69.5	-217.5
-870.5	69.5	-218.5
-869.5	69.5	-219.5
-869.5	69.5	-220.5
-869.5	69.5	-221.5
-869.5	69.5	-222.5
-869.5	69.5	-223.5
-869.5	69.5	-224.5
-869.5	69.5	-225.5
-869.5	69.5	-226.5
-869.5	69.5	-227.5
-869.5	69.5	-228.5
-869.5	69.5	-229.5
-870.5	69.5	-230.5
-870.5	69.5	-231.5
-870.5	69.5	-232.5
-870.5	69.5	-233.5
-870.5	69.5	-234.5
-869.5	69.5	-235.5
-869.5	69.5	-236.5
-869.5	69.5	-237.5
-868.5	69.5	-238.5
-867.5	70.5	-239.5
-866.5	70.5	-239.5
-865.5	70.5	-240.5
-864.5	70.5	-241.5
-863.5	70.5	-242.5
-862.5	70.5	-243.5
-861.5	70.5	-244.5
-860.5	70.5	-245.5
-859.5	70.5	-246.5
-858.5	70.5	-247.5
-857.5	70.5	-248.5
-856.5	70.5	-249.5
-855.5	70.5	-250.5
-854.5	70.5	-251.5
-853.5	70.5	-252.5
-852.5	69.5	-253.5
-851.5	68.5	-254.5
-851.5	68.5	-255.5
-850.5	68.5	-256.5
-849.5	68.5	-257.5
-848.5	68.5	-257.5
-847.5	68.5	-258.5
-847.5	68.5	-259.5
-846.5	68.5	-260.5
-845.5	67.5	-261.5
-844.5	67.5	-262.5
-843.5	66.5	-263.5
-843.5	66.5	-264.5
-842.5	66.5	-265.5
