-984.5	64.41666335019318	-48.5	-0.04082936644554138	0.5157818096549456	-0.6950603246688842	35	-183.36646	-35	107
-984.5247498965253	64.9300598529406	-49.175778376847326	0.140353537053347	0.642575652010388	-1.079655086889774	34	-168.36646	-27	107
-984.4053750811621	65.5784044019793	-50.23273666816225	0.011712239676970548	0.6008401406301477	-1.3307326303834133	33	176.58105	-19	107
-984.3740906974699	66.21129204013951	-51.52664564580808	0.15890009068340685	0.702321219716779	-1.3906075180263306	32	-169.10095	-27	107
-984.2423400422025	66.93088187751772	-52.887610672909304	0.0012979764956855266	0.6364627847999095	-1.4815705754793618	31	175.39331	-19	107
-984.2545193499728	67.60726645445702	-54.32978837936124	-0.08125988028031672	0.7240696891063245	-1.474675005421899	30	174.30551	-27	107
-984.3075289177909	68.35132411258685	-55.77134007595809	0.0942398803129362	0.6486966951757217	-1.5153405216029843	29	-171.36221	-19	107
-984.16882745131	69.00163719770208	-57.25035080771626	0.3955863315662202	0.4873050770641752	-1.507458648473765	28	-156.98805	-11	107
-983.8025151424611	69.51699670791001	-58.72900306767615	0.2648445953880686	0.5343476212147634	-1.5388504998158012	27	-174.1663	-19	107
-983.6015605960989	70.05628160437877	-60.23976407458872	-0.10249214155974098	0.43179098274093997	-1.5646921347781921	26	165.92604	-11	107
-983.7057453936848	70.46996746118388	-61.78567294791736	-0.1237846591476951	0.25131764190687494	-1.6187528247878338	25	175.15529	-3	107
-983.8102448993243	70.69665875466465	-63.388601710277165	-0.021615122162054037	0.11334564674038566	-1.650912144146056	24	-177.93794	0	107
-983.7717023589553	70.78813749025066	-65.01245749721915	0.3198529504227743	0.04573936779300243	-1.6070069071762405	23	-159.29228	0	107
-983.4036388947227	70.81336207117874	-66.5836280900613	0.6193403256278986	0.01261229046404093	-1.5156581583309443	22	-149.19638	0	107
-982.7238314721542	70.8343819805814	-68.02103487076714	1.036116134131984	0.12877839312997025	-1.1917591077019738	21	-124.19638	-8	107
-981.7285292515628	70.99110627547782	-69.20385207240572	0.9160932701868281	0.3125981971003069	-1.2931941086174847	20	-149.19638	-16	107
-980.8052898985845	71.34798595815926	-70.43724012498738	1.0822588665669008	0.5185685834991335	-1.0874048134679166	19	-127.179474	-23.58799	107
-979.7607032675483	71.88403909056267	-71.51736250360972	1.0014579903962555	0.4963813167753386	-1.203928227799552	18	-144.1813	-15.58799	107
-978.837945524703	72.37580047426648	-72.73455320671971	0.6351692085680019	0.358093623216686	-1.433026675560121	17	-168.10033	-7.58799	107
-978.2035173656164	72.70713223146745	-74.15062761828504	0.6923796523057558	0.16566587860048818	-1.470763083544505	16	-153.81345	0	107
-977.5280839218063	72.84988479527429	-75.61099255247682	0.6468183556325944	0.07137628190341729	-1.521988133780993	15	-158.67735	0	107
-976.8865152962471	72.90023355251957	-77.11723716419493	0.6595682311007128	0.025174378622636873	-1.5326897919068048	14	-156.51208	0	107
-976.2482703532289	72.92432856578283	-78.63428134718593	0.5872035077191494	0.09138725562514975	-1.5612206083412012	13	-161.53462	-5.358368	107
-975.6893039215639	73.01133011198998	-80.18145754925355	0.5589664316650055	0.08700154620714672	-1.5471762020676196	0	-167.0998	-4.7896776	107
-975.1124666710035	73.1197859626003	-81.68748938456302	0.7241967722624192	0.24237178957919078	-1.458118292804461	35	-148.28394	-12.789678	106
-974.3968490984165	73.35433445867477	-83.12628392125025	0.7390063073840178	0.18817195202757078	-1.475803527880358	34	-153.2558	-4.7896776	106
-973.6596415861151	73.5238360585818	-84.58285943027491	0.7815604290575822	0.1041443861346127	-1.4709771554236646	33	-150.92719	-1.3090441	106
-972.9401071706033	73.60629755859864	-86.05677097990446	0.4791653382323655	0.04123075000842362	-1.578528181702783	32	-171.92688	0	106
-972.5091941927261	73.6270885803896	-87.62650669847358	0.23615094481554544	-0.0032131928668155153	-1.6345069799825354	31	-178.60934	0.918622	106
-972.2791785170739	73.60659606416355	-89.24725331539989	0.21564242948004694	-0.02572901973077371	-1.6542530528736727	30	-173.20262	1.048425	106
-972.0927730173618	73.59073855005458	-90.8831467605935	0.06335939190560629	0.09490701215179982	-1.6611652518212063	29	177.97737	-6.9515753	106
-971.9978023565735	73.6641369733406	-92.52324913244102	0.24640332653246547	0.025372057453665796	-1.6463702992975164	28	-166.46556	0.7638464	106
-971.7147070522362	73.66936386120125	-94.14222567900445	0.4692065021232577	-0.01889834017244451	-1.593501622099544	27	-157.31898	1.4514947	106
-971.1759197294759	73.63501386892173	-95.6787530389751	0.8802668688300824	-0.04015314689120074	-1.3588615807335778	26	-134.0359	1.552679	106
-970.2950889136637	73.60400827620855	-97.01607075409854	0.9525516228776575	0.07988681007453073	-1.3403000255600297	25	-142.67659	-6.447321	106
-969.3098284527331	73.6626805666534	-98.29891893382671	1.2054638227609482	0.014994106143954446	-1.1042011560948646	24	-122.992645	0.9680767	106
-968.1095819897787	73.68256545665292	-99.37317407406698	1.2858544994062755	0.11399152076715503	-1.028482446876799	23	-125.62381	-7.0319233	106
-966.8633624341768	73.77466036422705	-100.41787785880828	1.1472017725633747	0.03170541470858821	-1.191397394318053	22	-141.92952	0.9680767	106
-965.7444116116773	73.78602767443782	-101.61147939952295	1.0615069044367171	-0.029999669641404672	-1.2817760308534762	21	-143.7651	2.410301	106
-964.7028475485571	73.76170190436585	-102.88600195803336	1.0164062578917863	0.07058396380055909	-1.322823886901198	20	-144.13564	-5.589699	106
-963.7369602779538	73.81193565351748	-104.21819962813008	0.7934854677487153	0.02780613019849646	-1.4573359002443964	19	-158.57571	-0.18343163	106
-962.9953875769962	73.82491386648228	-105.67572123701713	0.5513122315308263	0.028408220811317185	-1.55907780995862	18	-167.73833	-1.4828243	106
-962.5013903249402	73.83239643265459	-107.22855066560794	0.2613290044822005	-0.09270096186079757	-1.6208041380233986	17	-179.0303	6.5171757	106
-962.2469520131609	73.72895170880807	-108.84358569978181	0.23037495658981902	-0.2647312052855909	-1.6239035074681756	16	-172.79901	14.517176	106
-961.9463823900987	73.47677203174456	-110.45193885264831	0.579565104518915	-0.22277497911169208	-1.5314113453007403	15	-149.44836	6.531477	106
-961.3570819980624	73.26264449600053	-111.98507686528599	0.6319386919164088	-0.10706376787201057	-1.5467846869180533	14	-156.62183	0	106
-960.6635435179288	73.14930583955213	-113.48230023120772	0.9686054672453657	-0.17493776665284175	-1.3159142497276008	13	-132.37444	8	106
-959.6567724642842	72.97340360333077	-114.76053530184714	1.1690177985889667	-0.2869660090496781	-1.1288385504154261	12	-126.343506	13.542648	106
-958.4491231152274	72.70188473601921	-115.85453654178248	1.350982787650395	-0.21785741031054262	-0.9438817488152684	11	-117.97886	5.5426483	106
-957.096958461878	72.49209449604221	-116.80485486815921	1.3605039822103753	-0.10489511998849582	-0.9792097666973122	10	-126.37491	0	106
-955.7978790947121	72.38067270354163	-117.83150441980267	1.0627415446664639	-0.1739793346789324	-1.2466574574776121	9	-150.60541	8	106
-954.7677323140974	72.20958292702494	-119.10126329691795	0.9093496575974779	-0.08554488825834718	-1.3879041328811823	8	-152.36691	0	106
-953.8366153471851	72.11526476940553	-120.46246740911293	0.931116966912327	-0.09431815761941383	-1.3612041121949765	0	-135.86603	8	106
-952.8801865334628	72.01173721777205	-121.79334416725457	1.087189641488879	-0.2257350339205832	-1.232345057747428	35	-132.95454	11.815733	105
-951.8062846750457	71.7946577854675	-123.04293995938895	1.0205735755403447	-0.16505395062061123	-1.3215154384770844	34	-145.23898	3.815733	105
-950.7927477168539	71.63144019784346	-124.36937009542538	0.9940042755474984	-0.08160879381202035	-1.35970715585925	33	-145.02887	0	105
-949.7548832712765	71.54182123995703	-125.66883654218448	1.254863610332396	-0.04480947894321625	-1.0750625390419355	32	-120.02887	0	105
-948.4999475690843	71.48350903706609	-126.72647536442895	1.3076644880113462	-0.14742453987411522	-1.0246471038693519	31	-126.09457	8	105
-947.1922362568374	71.3305394178329	-127.74703710451962	1.30606451485184	-0.3107208592686943	-1.0024770216595227	30	-127.04232	16	105
-945.8785886778697	71.03718862608882	-128.7601569128434	1.3141968244378912	-0.2649438343006746	-1.0322720306553448	29	-128.65366	8	105
-944.5781568265774	70.78581994289877	-129.8200762779763	1.226822065186852	-0.14638144941300268	-1.154136736137201	28	-137.26875	1.3993578	105
-943.4210198499926	70.63722095598408	-131.01804838588524	0.8747389599009997	-0.2131090469911357	-1.3835336034406174	27	-159.32184	9.399358	105
-942.6003430884736	70.43157358560714	-132.42886483919298	0.6022379508371679	-0.12352079300644572	-1.533204194113546	26	-166.94939	1.3993578	105
-942.0148753551669	70.31592130845776	-133.96057035080352	0.5329577363346989	-0.01204938060423584	-1.5799102311337216	25	-163.55962	-3.092452	105
-941.4339035057634	70.2872431585137	-135.49844984731004	0.8255453976202451	-0.08702320876991534	-1.4253911046642416	24	-140.81847	4.907548	105
-940.5771235609169	70.19284868654147	-136.89135394946325	1.0253255277621305	-0.04719723598612024	-1.3015701886746411	23	-135.3901	0	105
-939.5376570518061	70.13358072324819	-138.1653174244347	1.1491584851776524	-0.029633981646637525	-1.2082294045599231	22	-132.2309	0	105
-938.3904049938594	70.11292130238317	-139.3479860034249	1.2137280280177933	0.08667927410342752	-1.142100092951406	21	-130.71056	-6.554186	105
-937.2189607058382	70.20132315307022	-140.49572359822372	1.0661243364840056	0.14104798790145734	-1.2683605205792252	20	-145.33167	-6.5424423	105
-936.2137824009299	70.31991213919781	-141.78027840388543	0.7888531249749862	0.03770124291579616	-1.4423315655715627	19	-160.31628	1.4575577	105
-935.4135873023932	70.33725935759291	-143.19584023754018	0.9084035191026134	0.008673609197552324	-1.3890481336290226	18	-143.27754	0	105
-934.5037851337629	70.3466085876283	-144.55769638168286	0.9868356555813355	0.0856369529437188	-1.3389383075001549	17	-141.0487	-5.46968	105
-933.4868660564877	70.41093280276506	-145.8410693032308	1.2189888332476435	0.03216210756838497	-1.1082141790795532	16	-123.29036	0	105
-932.2655907894895	70.43903857704358	-146.91107332022938	1.333612121638264	0.08218912097566666	-0.9767647330180605	15	-121.43159	-4.6027527	105
-930.9655242795516	70.4999839167859	-147.9008647819905	1.2308090880988547	0.030472669871158337	-1.115540088681041	14	-136.90115	0	105
-929.7596081689487	70.51024713345937	-149.01771429866827	1.1677188117940627	0.005131608336742748	-1.193676900291399	13	-138.36554	0	105
-928.6087612063142	70.49713321175714	-150.20609602074174	1.1385989628751096	-0.006556960851112878	-1.230848826219996	12	-138.50778	0	105
-927.481192758346	70.47370997183059	-151.42751928733853	1.1346696944936039	-0.011711619963281003	-1.2404653689598983	11	-137.81213	0	105
-926.3597085705329	70.44574032247861	-152.660990809369	1.1214841878130768	-0.027969649351979882	-1.2334715220304597	0	-139.25021	0	105
-925.2225616696093	70.41880893317645	-153.8503529122636	1.2775816613592514	0.05036445824794583	-1.0591407180570638	35	-123.23096	-4.311349	104
-923.9275682465113	70.448322732807	-154.8435143157573	1.4563759260741724	-0.0398870116805288	-0.7519793864869116	34	-107.52829	3.688651	104
-922.4750453396066	70.40870380781897	-155.56674786084045	1.528405757370229	0.03581030630433198	-0.6372285486550874	33	-108.96766	-3.7548141	104
-920.9980933076306	70.43786327326964	-156.24558333342085	1.3488707531124502	0.07158182934852181	-0.9281959400160135	32	-133.96765	-3.8460188	104
-919.6784744322972	70.48810493515217	-157.183986019295	1.2757612499340139	-0.03643374439769551	-1.0517083125081759	31	-133.40526	4.153981	104
-918.4244069648046	70.43678656925727	-158.24226526934845	1.210480012914438	-0.16358428327398936	-1.1316901644010846	30	-135.92763	9.340607	104
-917.2225420300883	70.27482641204483	-159.38226793392943	1.1818467650580642	-0.10086249114042667	-1.1901975168064436	29	-136.875	1.3406067	104
-916.0250639130762	70.188300309311	-160.53403303024268	1.3137630052681601	0.040375913599028285	-1.027802583638076	28	-122.29979	-5.6510453	104
-914.765286101969	70.20816993208821	-161.58876742726486	1.088718490271378	-0.024852866584905157	-1.2420456171474108	27	-147.29979	2.3489547	104
-913.7218659779331	70.16860970299038	-162.84601709776013	0.8940211266188774	-0.019780114548918416	-1.392748176688783	26	-154.02647	0	104
-912.8424105290553	70.13352364127536	-164.2323849233798	0.8606042363703097	-0.017543030857508482	-1.4316708405575687	25	-150.32378	0	104
-911.985212228017	70.10041068741457	-165.6504583793736	0.8840354159877983	-0.01655647693039566	-1.4267259530745162	24	-147.60403	0	104
-911.0760962368294	70.06816787413442	-167.03980392291527	1.0638390884759346	-0.016121406640071244	-1.2873586351465036	23	-134.21312	0	104
-910.007917842684	70.06106692742648	-168.29430660811298	1.163226099166524	0.10033683876027186	-1.1892810083073926	22	-131.77763	-7.0250363	104
-908.9065372086407	70.13978000673386	-169.50530363938017	0.8858348666299242	0.02493301869750226	-1.386504351166743	21	-156.77763	0.97496367	104
-908.0654388452627	70.16539147217689	-170.88867307755373	0.6999327874075448	0.10098491572780495	-1.4895912877332058	20	-160.7048	-5.9592977	104
-907.3389641145042	70.2446821308167	-172.3422867259196	0.8993557654761795	0.009417900645202718	-1.385717509960597	19	-140.86781	2.0407023	104
-906.4250544830476	70.23475634308811	-173.69694999710927	1.0353669223614659	-0.09395256704666204	-1.293789479375355	18	-136.8263	6.0108356	104
-905.3778251375039	70.13425017699683	-174.97133977397644	1.1321565786517782	-0.05025308304564069	-1.2306396977511755	17	-134.28146	0	104
-904.2481586391323	70.09544581246922	-176.1800992431278	1.1836787835104452	0.07760680227213139	-1.1789262832998555	16	-132.87418	-6.5566974	104
-903.1041345744138	70.15186317582759	-177.36969116457198	1.0311500591927327	0.006859831250120907	-1.3098039990044714	15	-147.2961	1.4433026	104
-902.0979559426291	70.16147627569487	-178.67079721576945	0.9648338508616434	0.09339098752745723	-1.358670462961412	14	-146.89487	-5.983824	104
-901.1032210589341	70.25354925627333	-179.96542311218596	1.2154819907690972	0.13032420711006681	-1.0941836119703523	13	-121.89487	-5.6917143	104
-899.8778868910754	70.38257368016278	-181.00364795407742	1.3850083204014811	0.1538260583987493	-0.8626201444559901	12	-113.982574	-6.031964	104
-898.5378303279122	70.51372321994609	-181.8941228152087	1.227873865139671	0.06557476989165191	-1.0865706648757958	11	-138.98257	0	104
-897.323994140295	70.55838649530918	-182.9717833214801	1.2342579963287434	0.02233163768154431	-1.112367221366902	10	-132.43536	0	104
-896.1375493612474	70.55953259413752	-184.10267961031843	1.1864447790475887	0.0011460988283361758	-1.1308962888383236	0	-148.18854	8	104
-894.9946490927832	70.5418925937942	-185.25014665863551	1.0158934882426713	-0.008820000171661378	-1.298281735852308	35	-148.47691	0	103
-893.9689980654911	70.51539142619505	-186.52084139965893	1.1244470276088423	-0.1315190222282143	-1.2136481177870673	34	-133.39647	8	103
-892.8697213816044	70.38175164598877	-187.75034927843993	1.016574715653947	-0.0668198901031407	-1.3250147657397577	33	-146.6816	0	103
-891.9106668814808	70.32292573276291	-189.09013402958604	0.7483033196433337	0.044489018169417256	-1.4728780556763634	32	-161.49355	-4.988019	103
-891.1482076042142	70.34676262695578	-190.53508674539424	0.878008952316757	-0.03271902750751948	-1.4107479668528025	31	-144.18114	3.011981	103
-890.2967407644899	70.31794735237743	-191.94082987251616	0.7827043022779712	0.05949433749317321	-1.4707245822024277	30	-155.068	-4.988019	103
-889.4895781967832	70.37490813689426	-193.3671207244539	0.9857971890428632	0.10465525307858978	-1.3277263224656453	29	-136.54971	-5.143247	103
-888.4942372369827	70.47419553021393	-194.65774739235172	1.1212105863159887	0.11810484472814112	-1.2188982809389233	28	-132.61205	-4.6249204	103
-887.4041855875637	70.58329694217647	-195.875605214738	1.0271344802814568	0.10854401005508227	-1.3068882269699578	27	-145.36862	-3.6458244	103
-886.3922014987739	70.6697311454917	-197.17311459657546	1.004590548461356	-0.021263139357939415	-1.3341318178508832	26	-143.96503	4.3541756	103
-885.3930016513654	70.63891907927072	-198.49293444420707	1.0279897918445202	0.007409190300237678	-1.325326975131111	25	-141.54953	-1.5384321	103
-884.3381095332146	70.62712720888968	-199.76683917471203	1.2292577094707622	-0.10152846891959802	-1.1068618007631197	24	-123.80805	6.461568	103
-883.0941879005348	70.51778547446335	-200.84425754206217	1.3343783562940505	-0.20929327223554586	-0.9758055052578649	23	-121.534584	10.485661	103
-881.7917674908367	70.31540698109976	-201.85860703986882	1.174820638785196	-0.1380124310974966	-1.1757374740896662	22	-141.93661	2.4856606	103
-880.6369374671577	70.1760400141593	-203.04841916053022	1.0916453197761753	-0.06968348347022758	-1.2717126711533726	21	-142.7735	0	103
-879.5249709571979	70.09693918019904	-204.28562372793567	1.236860410045455	-0.03955041698012988	-1.127430649505499	20	-126.775696	0	103
-878.2831656716761	70.04441571140032	-205.38867661673873	1.3156619729143648	-0.026261734399362604	-1.0412298791072667	19	-125.18005	0	103
-876.9577806322467	70.0282142261898	-206.37231545370008	1.4552840348981657	0.0946541289419653	-0.7811695600655475	18	-110.056175	-6.9465256	103
-875.5411397144713	70.10137527397684	-207.17943213140347	1.3320186368213789	0.03658052389352025	-0.9810534280250184	17	-132.79816	0	103
-874.2436270793587	70.14000480433334	-208.16519396081972	1.2434693974856614	0.11397553271858918	-1.0927478354177285	16	-135.2485	-6.3955283	103
-873.082541547046	70.25462567676587	-209.28685149365867	0.8660080468679758	0.15253808267143448	-1.3557663770456974	15	-160.2485	-6.4365153	103
-872.2716080760853	70.38451300031184	-210.64917538529465	0.6153183282595607	0.06494366177298455	-1.5048501816969346	14	-165.71013	0	103
-871.6465168405394	70.44545521556581	-212.1257948163656	0.7296383687394422	0.10266806323332753	-1.4754050566218726	13	-150.50107	-4.8750644	103
-870.9286434623414	70.53951883044782	-213.5844085636011	0.7200577341520484	0.10175704090643531	-1.4968274354320537	12	-154.80334	-3.6944847	103
-870.2095410410902	70.62791320626403	-215.06039635268363	0.7658612801865644	0.07833345733593712	-1.4838097170233677	11	-151.42278	-2.3066034	103
-869.4679318333751	70.69274900804182	-216.53444628979025	0.7416092077150777	0.06483580177778758	-1.474049937106634	0	-158.71228	-2.1238546	103
-868.8170688941703	70.77123554937383	-218.0005309439068	0.6508629392047942	0.07848654133201163	-1.4660846541165387	0	176.28772	-10.123855	103
-868.2898020482703	70.86783527787647	-219.44397301297371	0.5272668459000839	0.09659972850263981	-1.443442069066917	0	159.00166	-12	103
-867.8475989295833	70.9804301757494	-220.86810078488946	0.4422031186869303	0.11259489787293123	-1.424127771915739	0	168.69923	-12	103
-867.4920515277219	71.10751326793621	-222.26805505045894	0.3555474018614563	0.12708309218680788	-1.3999542655694894	0	163.6483	-12	103
-867.1818642123995	71.24757441737184	-223.64754434583674	0.31018731532227006	0.14006114943562192	-1.379489295377783	0	177.14093	-12	103
-866.9212047906465	71.37731748269994	-225.0122261901866	0.2606594217530647	0.12974306532810603	-1.3646818443498616	0	173.39166	-4	103
-866.7317145200896	71.48486568881466	-226.3588890707462	0.18949027055694934	0.10754820611472676	-1.3466628805595955	0	161.89003	0	103
-866.6116574286145	71.57016199024197	-227.68425147473644	0.12005709147507478	0.08529630142730592	-1.3253624039902432	0	158.75966	5.2959805	103
-866.5581109776616	71.63340045182362	-228.98557943026054	0.0535464509529787	0.06323846158164828	-1.3013279555241084	0	156.08182	6.493044	103
-866.5952096911435	71.67209142478497	-230.24218705497964	-0.037098713481877155	0.03869097296134613	-1.2566076247190867	0	138.87328	14.493044	103
-866.6628370571439	71.68909224774002	-231.4813846184359	-0.06762736600037764	0.01700082295505081	-1.239197563456253	0	163.87328	8.60499	103
-866.7539870169194	71.68206201448108	-232.70509287342742	-0.09114995977556778	-0.007030233258951414	-1.2237082549915088	0	165.51932	16.60499	103
-866.8390339594887	71.65175117294123	-233.91951608864898	-0.08504694256926972	-0.030310841539843574	-1.214423215221554	0	178.23238	19.826181	103
-866.8898776958338	71.60493681496787	-235.1240878445394	-0.050843736345054104	-0.04681435797335666	-1.2045717558904234	0	-168.49815	11.826181	103
-866.8911930183137	71.54574163097429	-236.3146965885133	-0.0013153224799730737	-0.05919518399358144	-1.190608743973907	0	-159.45255	3.8261814	103
-866.8324056539235	71.48494332918679	-237.48275191153604	0.058787364390221336	-0.06079830178750562	-1.1680553230227382	0	-151.26553	-3.5673685	103
-866.7119751833242	71.41367922562321	-238.62592886647138	0.12043047059929772	-0.07126410356357472	-1.143176954935343	0	-146.4083	0	103
-866.5249401988074	71.33318428471348	-239.73675145263485	0.18703498451685258	-0.08049494090972507	-1.1108225861634742	0	-139.16776	0	103
-866.2708564788833	71.24454774510599	-240.80937314699267	0.25408371992415263	-0.0886365396074875	-1.0726216943578257	0	-133.46854	0	103
-865.9504917841606	71.14873031530732	-241.83776856438112	0.32036469472264495	-0.09581742979867378	-1.0283954173884504	0	-127.724724	0	103
-865.5680039042155	71.04595757503567	-242.81926139306685	0.3824878799450388	-0.10277274027165315	-0.9814928286857362	0	-123.897484	5.6421094	103
-865.1287179498646	70.93728970382215	-243.7535118534732	0.43928595435096324	-0.10866787121352639	-0.9342504604063646	0	-121.24023	4.3989344	103
-864.637249907845	70.83167300971701	-244.6347436490849	0.4914680420196411	-0.10561669410514044	-0.8812317956116922	0	-116.0097	-3.6010656	103
-864.1040382153982	70.73943566971295	-245.4644099472197	0.5332116924467996	-0.0922373400040664	-0.829666298134806	0	-115.02614	-9.196533	103
-863.5368848515261	70.66018857815159	-246.24594890153026	0.5671533638720665	-0.07924709156135022	-0.7815389543105477	0	-114.68619	-10.113217	103
-862.9397392448185	70.59276436915245	-246.97657793687418	0.5971456067076046	-0.0674242089991379	-0.7306290353439123	0	-110.47462	-10.575995	103
-862.3196409697329	70.53636272418561	-247.66206419951226	0.6200982750856838	-0.056401644966836195	-0.685486262638068	0	-111.39781	-11.231592	103
-861.6858053332621	70.47531751898926	-248.32469411219466	0.6338356364707305	-0.061045205196348915	-0.6626299126823926	0	-122.526955	-3.2315922	103
-861.0401677760458	70.40383564661485	-248.97042323005607	0.6456375572163063	-0.07148187237441289	-0.6457291178613999	0	-124.37478	0	103
-860.3853218901849	70.32314863361023	-249.6038965041017	0.6548458858609786	-0.0806870130046226	-0.6334732740456374	0	-126.14525	0	103
-859.7074589583941	70.23434268641175	-250.19872414669484	0.6778629317907835	-0.08880594719848425	-0.594827642593141	0	-107.85764	0	103
-859.014949419845	70.15288250059889	-250.761527890876	0.6925095385490443	-0.08146018581286257	-0.5628037441811532	0	-110.34113	-8	103
-858.3143969839205	70.08393393572892	-251.29809153108565	0.7005524359246058	-0.06894856486997647	-0.5365636402096458	0	-112.7988	-12	103
-857.6073194693398	70.02581441921603	-251.80755015510826	0.7070775145806268	-0.058119516512889303	-0.5094586240226248	0	-110.741646	-12	103
-856.8979750637209	69.97700704950044	-252.29644602193338	0.709344405618966	-0.04880736971559079	-0.48889586682512454	0	-113.79058	-12	103
-856.187258089896	69.93619188044623	-252.76417088676834	0.7107169738248709	-0.04081516905420814	-0.4677248648349518	0	-112.2062	-12	103
-855.497392228628	69.90218097494498	-253.24206047999598	0.6898658612680248	-0.0340109055012406	-0.47788959322765756	0	-137.2062	-12	103
-854.82816366286	69.87389798914636	-253.72866212570267	0.6692285657680258	-0.028282985798630013	-0.4866016457066962	0	-138.10146	-12	103
-854.1664796707163	69.8503839503048	-254.20851050832886	0.6616839921437258	-0.023514038841553158	-0.47984838262618407	0	-125.29131	-12	103
-853.5087823548147	69.83083368297868	-254.67562687509124	0.657697315901572	-0.019550267326123683	-0.4671163667623701	0	-120.15103	-12	103
-852.8574065720267	69.81451823529257	-255.1334232753009	0.6513757827880674	-0.016315447686107078	-0.45779640020967893	0	-122.47528	-12	103
-852.2094638942478	69.78917793328775	-255.58431513614138	0.6479426777788334	-0.02534030200482425	-0.45089186084045935	0	-122.47528	-4	103
-851.5734062447478	69.76727977004012	-256.0348923329731	0.6360576495000195	-0.021898163247633322	-0.45057719683168024	0	-129.74184	-12	103
-850.9650152487169	69.74817381724299	-256.4989441911708	0.608390996030958	-0.01910595279713072	-0.46405185819772826	0	-146.35103	-12	103
-850.3680931076113	69.73116927627201	-256.96155201193545	0.5969221411056027	-0.017004540970976367	-0.46260782076467366	0	-131.8632	-12	103
-849.7977829015292	69.71576706072577	-257.43525185376575	0.5703102060821722	-0.015402215546241865	-0.47369984183027736	0	-147.99294	-12	103
-849.2379467192759	69.70142464244712	-257.9062015587275	0.5598361822532795	-0.014342418278638911	-0.47094970496175886	0	-133.40378	-12	103
-848.6856006691036	69.67726056034184	-258.3764430805628	0.5523460501723797	-0.02416408210528227	-0.47024152183532814	0	-133.40378	-4	103
-848.1432897473065	69.6547365210815	-258.8448540576045	0.5423109217970407	-0.022524039260336286	-0.4684109770416797	0	-134.57219	-12	103
-847.6081170958739	69.62322126145979	-259.31341028447673	0.5351726514326347	-0.031515259621713046	-0.468556226872249	0	-134.57219	-4	103
-847.0815812785222	69.59381467933076	-259.77985308860684	0.52653581735176	-0.02940658212902052	-0.46644280413010836	0	-134.57219	-12	103
-846.5633829867184	69.56607146047037	-260.2437802591609	0.5181982918038804	-0.027743218860387227	-0.4639271705540614	0	-134.57219	-12	103
-846.0532298654767	69.53959640284076	-260.70485871626164	0.5101531212415868	-0.02647505762960415	-0.4610784571006973	0	-134.57219	-12	103
-845.5508365806044	69.51403960202472	-261.1628161627831	0.5023932848723388	-0.025556800816039855	-0.4579574465214567	0	-134.57219	-12	103
-845.058216343586	69.49622383382193	-261.6151761991016	0.4926202370184229	-0.017815768202797597	-0.4523600363185138	0	-134.57219	-20	103
-844.5853600552845	69.48485305032702	-262.0696277393622	0.47285628830154625	-0.011370783494904549	-0.45445154026062284	0	-146.57219	-20	103
-844.1310133097011	69.47868416307082	-262.52457971979834	0.4543467455834412	-0.0061688872561967215	-0.45495198043616203	0	-146.57219	-20	103
-843.7058651772691	69.48095182349218	-262.9817289551403	0.42514813243201816	0.002267660421352734	-0.4571492353419264	0	-158.57219	-28	103
