2281	-984.5	63	-48.5	0	-0.0784000015258789	0	-137.03671	0	0	none	0		0	false
2282	-984.5	63	-48.5	0	-0.0784000015258789	0	-137.03671	0	0	launch-macro	0		0	false
2283	-984.5	63	-48.5	0	-0.0784000015258789	0	-137.03671	0	0	launch-macro	0		0	false
2284	-984.5	63	-48.5	0	-0.0784000015258789	0	-137.03671	0	0	launch-macro	0		0	false
2285	-984.5	63.41999998688698	-48.5	0	0.33319999363422365	0	-137.03671	0	0	launch-macro	0		0	false
2286	-984.5	63.7531999805212	-48.5	0	0.24813599859094576	0	-137.03671	0	0	launch-macro	0		0	false
2287	-984.5	64.00133597911214	-48.5	0	0.16477328182606651	0	-137.03671	0	0	launch-macro	0		0	false
2288	-984.5	64.14321379806302	-48.5	0	0.1418778189508764	0	-137.03671	0	0	launch-macro	0		0	false
2289	-984.5	64.26265406295951	-48.5	0	0.11944026489649377	0	-137.03671	0	0	launch-macro	0		0	false
2290	-984.5	64.36010552445475	-48.5	0	0.09745146149523642	0	-183.36646	-35	0	launch-macro	0		0	false
2291	-984.5	64.41666335019318	-48.5	-0.04082936644554138	0.5157818096549456	-0.6950603246688842	-168.36646	-27	35	flight-session	0	+15:PULL_UP:glide	0	false
2292	-984.5247498965253	64.9300598529406	-49.175778376847326	0.140353537053347	0.642575652010388	-1.079655086889774	176.58105	-19	34	flight-session	0	+0:PULL_UP:glide	0	false
2293	-984.4053750811621	65.5784044019793	-50.23273666816225	0.011712239676970548	0.6008401406301477	-1.3307326303834133	-169.10095	-27	33	flight-session	0	+15:AIM_PULL:glide	0	false
2294	-984.3740906974699	66.21129204013951	-51.52664564580808	0.15890009068340685	0.702321219716779	-1.3906075180263306	175.39331	-19	32	flight-session	0	+0:PULL_UP:glide	0	false
2295	-984.2423400422025	66.93088187751772	-52.887610672909304	0.0012979764956855266	0.6364627847999095	-1.4815705754793618	174.30551	-27	31	flight-session	0	+0:AIM_PULL:glide	0	false
2296	-984.2545193499728	67.60726645445702	-54.32978837936124	-0.08125988028031672	0.7240696891063245	-1.474675005421899	-171.36221	-19	30	flight-session	0	+15:LEVEL:glide	0	false
2297	-984.3075289177909	68.35132411258685	-55.77134007595809	0.0942398803129362	0.6486966951757217	-1.5153405216029843	-156.98805	-11	29	flight-session	0	+30:LEVEL:glide	0	false
2298	-984.16882745131	69.00163719770208	-57.25035080771626	0.3955863315662202	0.4873050770641752	-1.507458648473765	-174.1663	-19	28	flight-session	0	+15:AIM:glide	0	false
2299	-983.8025151424611	69.51699670791001	-58.72900306767615	0.2648445953880686	0.5343476212147634	-1.5388504998158012	165.92604	-11	27	flight-session	0	+0:LEVEL:glide	0	false
2300	-983.6015605960989	70.05628160437877	-60.23976407458872	-0.10249214155974098	0.43179098274093997	-1.5646921347781921	175.15529	-3	26	flight-session	0	+15:LEVEL:glide	0	false
2301	-983.7057453936848	70.46996746118388	-61.78567294791736	-0.1237846591476951	0.25131764190687494	-1.6187528247878338	-177.93794	0	25	flight-session	2	+0:LEVEL:glide	0	false
2302	-983.8102448993243	70.69665875466465	-63.388601710277165	-0.021615122162054037	0.11334564674038566	-1.650912144146056	-159.29228	0	24	flight-session	4	+0:LEVEL:glide	0	false
2303	-983.7717023589553	70.78813749025066	-65.01245749721915	0.3198529504227743	0.04573936779300243	-1.6070069071762405	-149.19638	0	23	flight-session	5	+0:LEVEL:glide	0	false
2304	-983.4036388947227	70.81336207117874	-66.5836280900613	0.6193403256278986	0.01261229046404093	-1.5156581583309443	-124.19638	-8	22	flight-session	6	+30:AIM:glide	0	false
2305	-982.7238314721542	70.8343819805814	-68.02103487076714	1.036116134131984	0.12877839312997025	-1.1917591077019738	-149.19638	-16	21	flight-session	7	-15:AIM:glide	0	false
2306	-981.7285292515628	70.99110627547782	-69.20385207240572	0.9160932701868281	0.3125981971003069	-1.2931941086174847	-127.179474	-23.58799	20	flight-session	9	+30:AIM:glide	0	false
2307	-980.8052898985845	71.34798595815926	-70.43724012498738	1.0822588665669008	0.5185685834991335	-1.0874048134679166	-144.1813	-15.58799	19	flight-session	11	+15:LEVEL:glide	0	false
2308	-979.7607032675483	71.88403909056267	-71.51736250360972	1.0014579903962555	0.4963813167753386	-1.203928227799552	-168.10033	-7.58799	18	flight-session	12	+0:LEVEL:glide	0	false
2309	-978.837945524703	72.37580047426648	-72.73455320671971	0.6351692085680019	0.358093623216686	-1.433026675560121	-153.81345	0	17	flight-session	14	+15:LEVEL:glide	0	false
2310	-978.2035173656164	72.70713223146745	-74.15062761828504	0.6923796523057558	0.16566587860048818	-1.470763083544505	-158.67735	0	16	flight-session	15	+15:LEVEL:glide	0	false
2311	-977.5280839218063	72.84988479527429	-75.61099255247682	0.6468183556325944	0.07137628190341729	-1.521988133780993	-156.51208	0	15	flight-session	17	+15:LEVEL:glide	0	false
2312	-976.8865152962471	72.90023355251957	-77.11723716419493	0.6595682311007128	0.025174378622636873	-1.5326897919068048	-161.53462	-5.358368	14	flight-session	18	+15:AIM:glide	0	false
2313	-976.2482703532289	72.92432856578283	-78.63428134718593	0.5872035077191494	0.09138725562514975	-1.5612206083412012	-167.0998	-4.7896776	13	flight-session	20	+15:AIM:glide	0	false
2314	-975.6893039215639	73.01133011198998	-80.18145754925355	0.46863265814760435	0.1143984770939136	-1.5992299894138604	-148.28394	0	12	flight-session	21	+30:LEVEL:glide	0	false
2315	-975.185016205451	73.10384062134253	-81.74671300361919	0.6990159910730607	0.046255254676271694	-1.505680491121724	-167.67043	-3.3535836	11	flight-session	23	+15:AIM:glide	0	false
2316	-974.5278313895444	73.14154077528346	-83.24544686955652	0.5098228725309736	0.06853230970800696	-1.5783295898242449	-149.74504	0	10	flight-session	24	+30:LEVEL:glide	0	false
2317	-973.9908417510538	73.18910243972299	-84.79357469598493	0.6967840240811686	0.02378083221976358	-1.5082766276478758	-154.34163	0	9	flight-session	26	+30:LEVEL:glide	0	false
2318	-973.2987847122026	73.19280765537047	-86.2857128122329	0.6920570388512142	0.0037052156474819604	-1.4921381162479654	-175.94029	0	0	flight-session	27	+15:LEVEL:fire	0	false
2319	-972.6705159378026	73.17843565529184	-87.77908322668151	0.3743884316582972	-0.007186000039319711	-1.5945468846325226	172.96425	0	35	flight-session	29	+0:LEVEL:glide	0	false
2320	-972.3570972728188	73.15445760279047	-89.36316018219301	0.05257937806441032	-0.011989026250679304	-1.6356361253034766	178.66605	0	34	flight-session	30	+0:LEVEL:glide	0	false
2321	-972.3140895404092	73.12624328108825	-90.98532908992404	0.0017029244655566295	-0.014107160851113585	-1.6608537809099968	-164.43948	0	33	flight-session	32	+0:LEVEL:glide	0	false
2322	-972.2691619016022	73.09616076463207	-92.62647410006541	0.250504554827114	-0.0150412582280852	-1.6394115931529973	-154.75777	-3.558673	32	flight-session	33	+0:AIM:glide	0	false
2323	-971.9761622804812	73.07793335975825	-94.23521003929793	0.5083379531343599	0.04357828863150681	-1.5716932725747486	-146.56458	-3.8274198	31	flight-session	34	+0:AIM:glide	0	false
2324	-971.4352861490577	73.11459448845093	-95.76878072797871	0.7377581175010222	0.07500742375496246	-1.474521484829973	-140.24733	0	30	flight-session	35	+0:LEVEL:glide	0	false
2325	-970.6735592230759	73.16850176477998	-97.20807007927779	0.9244325539532698	0.026953638164523275	-1.3731220076455053	-134.04897	0	29	flight-session	37	+15:LEVEL:glide	0	false
2326	-969.7320955851053	73.17531633031383	-98.54545006356771	1.081715068530412	0.003407282766931466	-1.2596210083517025	-136.50714	0	28	flight-session	39	+15:LEVEL:glide	0	false
2327	-968.6541326994296	73.16068155342944	-99.78808796521257	1.1240276388217416	-0.007317388442199657	-1.2379395272041132	-151.0924	-2.9769006	27	flight-session	40	+0:AIM:glide	0	false
2328	-967.5729088790779	73.14731193793472	-101.03543324190967	0.9509839111085345	0.03738299509161798	-1.366737661770795	-150.64949	-3.2198532	26	flight-session	41	+0:AIM:glide	0	false
2329	-966.6464075468556	73.17588989600281	-102.3939646039796	0.8792834766203473	0.06201860104791852	-1.4189486326045198	-148.35806	-11.219853	25	flight-session	42	+0:AIM_PULL:glide	0	false
2330	-965.7823306068306	73.25557513342825	-103.78908266626448	0.8694815356558314	0.2051898089140042	-1.4073318623439952	-143.1356	-5.9577107	24	flight-session	44	+0:AIM_PULL:glide	0	false
2331	-964.9130408061307	73.45795487195984	-105.16914854176173	0.9418258265536597	0.18936905227207945	-1.3664038386179962	-155.38101	-4.1190057	23	flight-session	45	-15:AIM_PULL:glide	0	false
2332	-964.007195902241	73.63856916741256	-106.53211530456204	0.8061206941322903	0.15129275426262354	-1.4522114777660815	-152.78358	3.8809943	22	flight-session	46	-15:AIM_PULL:glide	0	false
2333	-963.2137324352046	73.76696669629398	-107.9722614757281	0.7846204675608263	0.006708818328671595	-1.474219783700287	-148.84702	7.1286697	21	flight-session	47	-15:AIM_PULL:glide	0	false
2334	-962.4284497512201	73.75440743513106	-109.42834112119546	0.8290256831129651	-0.11170352324339164	-1.4498115487459045	-144.56195	7.425062	20	flight-session	48	-15:AIM_PULL:glide	0	false
2335	-961.5871689997451	73.63714396056544	-110.86429861762062	0.9094069833796772	-0.16842082937651587	-1.4046762789590375	-155.55266	14.643726	19	flight-session	49	-30:AIM_PULL:glide	0	false
2336	-960.7016825855369	73.46637040946669	-112.28126882914175	0.7831370737026978	-0.30020961623998654	-1.4571393759326878	-130.55266	13.870531	18	flight-session	50	+15:AIM_PULL:glide	0	false
2337	-959.8588159828471	73.17908136060525	-113.70372134105676	1.048458732739507	-0.3474097558016441	-1.247713793579954	-105.55266	5.870531	17	flight-session	51	+15:LEVEL:glide	0	false
2338	-958.7379402923972	72.85409501533434	-114.86739007119989	1.3750316491075547	-0.24937540290238416	-0.808524526299746	-130.55266	10.867495	16	flight-session	53	-15:AIM_PULL:glide	0	false
2339	-957.3750682612462	72.61367895453179	-115.70561865433643	1.3157153083973883	-0.280436236618558	-0.9618082641558591	-149.39723	2.8674946	15	flight-session	54	-15:LEVEL:glide	0	false
2340	-956.1070114984987	72.34848802802676	-116.72445069420408	1.066272717978836	-0.1751169137348248	-1.2400710612708365	-157.93594	0	14	flight-session	56	-15:LEVEL:glide	0	false
2341	-955.089605848368	72.17639490676325	-117.99551590927813	0.828026594277089	-0.08604656063175962	-1.4232713271195783	-141.44879	0	13	flight-session	57	+0:LEVEL:glide	0	false
2342	-954.2443401388819	72.08286183846563	-119.39851587773427	0.9524262155724241	-0.04676653414881093	-1.3661946183080054	-137.60632	0	12	flight-session	58	+0:LEVEL:glide	0	false
2343	-953.2805490279273	72.02397375420026	-120.7419493926709	1.0550114049722108	-0.02944404213268738	-1.2994414020100589	-134.86485	0	11	flight-session	60	+0:LEVEL:glide	0	false
2344	-952.2199589774871	71.98036410819046	-122.01974995341098	1.1327746857311416	-0.021804823004896754	-1.238498732818885	-133.5075	0	10	flight-session	61	+0:LEVEL:glide	0	false
2345	-951.0874367723371	71.9434922535825	-123.24020765816755	1.1827694583117148	-0.018435927303973143	-1.1953932980169415	-117.879105	0	9	flight-session	62	+15:LEVEL:glide	0	false
2346	-949.8834005346996	71.9095917650406	-124.38474942060027	1.3533729294142522	-0.01695024427095037	-0.9697202315734194	-133.1928	0	8	flight-session	63	+0:LEVEL:glide	0	false
2347	-948.5549765833201	71.87700164895934	-125.36384060753704	1.2839089176615361	-0.0162950580406356	-1.0713322230259934	-108.192795	8	7	flight-session	64	+30:AIM:glide	0	false
2348	-947.2506299094329	71.84389329120921	-126.37109150791467	1.3043466738872886	-0.0331083577501245	-1.0072509003776267	-133.1928	0	0	flight-session	65	+0:LEVEL:fire	0	false
2349	-945.9660609779538	71.79705171876194	-127.38346045575464	1.2619814077112976	-0.023420786223637594	-1.0879711034775947	-108.88335	0	35	flight-session	67	+30:LEVEL:glide	0	false
2350	-944.6818943075867	71.75875458456731	-128.40747209100084	1.446351927779621	-0.019148567097307778	-0.78705497059341	-133.88335	8	34	flight-session	68	+0:AIM_PULL:glide	0	false
2351	-943.2731537329302	71.72312401531522	-129.22417298659425	1.311091026931348	-0.1360837230546842	-0.991790748618964	-126.160385	5.952986	33	flight-session	70	+30:AIM_PULL:glide	0	false
2352	-941.9624094092126	71.58472373762775	-130.21203030146782	1.337977514856567	-0.15729826586611956	-0.9927157833818787	-151.16039	13.952986	32	flight-session	71	+15:AIM:glide	0	false
2353	-940.683380468191	71.42423971208012	-131.25430310345553	1.0374858875206117	-0.2851937811422992	-1.243710694607294	-154.27127	5.952986	31	flight-session	72	+15:LEVEL:glide	0	false
2354	-939.6776677681993	71.15416718173329	-132.53117880153576	0.8698799223215368	-0.22313439219580364	-1.4000364539576398	-153.83871	13.952986	30	flight-session	73	+15:AIM:glide	0	false
2355	-938.8215266221384	70.93524056569203	-133.94364591250277	0.7918121601328111	-0.31441507638911126	-1.4466299567696335	-145.50156	5.952986	29	flight-session	75	+15:AIM_PULL:glide	0	false
2356	-938.0068123863865	70.6393640498856	-135.39147895341196	0.8862406585062931	-0.2360363849256013	-1.4206297057649617	-127.68776	0	28	flight-session	76	+30:LEVEL:glide	0	false
2357	-937.0679303489806	70.41353995398606	-136.7725367773915	1.142134274246671	-0.1129120479497681	-1.2101285851417358	-125.85074	8	27	flight-session	77	+30:AIM:glide	0	false
2358	-935.907263541831	70.2950320133385	-137.95409808884122	1.2626156219118438	-0.17752240875242292	-1.0837345880101688	-150.85074	0	26	flight-session	78	+0:AIM_PULL:glide	0	false
2359	-934.6934549010477	70.12081724542817	-139.07893856020254	1.0209661513294828	-0.08710738395516693	-1.3047495172491885	-153.55698	0	25	flight-session	80	+0:LEVEL:glide	0	false
2360	-933.706483914648	70.02634853094109	-140.39686998370632	0.8720111749935917	-0.04723435724353867	-1.4200296600255553	-167.28331	-7.6341214	24	flight-session	81	-15:AIM_PULL:glide	0	false
2361	-932.8936110722204	69.99375024188586	-141.82117857554758	0.5919667603952032	0.09655999282866987	-1.5339346795075088	-142.28331	0.36587858	23	flight-session	82	+15:AIM:glide	0	false
2362	-932.2665786773057	70.06877663858891	-143.3166686538951	0.8335567482853371	0.03213471402138897	-1.420075946160954	-143.99516	0	22	flight-session	83	+0:LEVEL:glide	0	false
2363	-931.4280425405016	70.08066865856132	-144.71382751175614	0.9189778355052827	0.0059460099862062455	-1.3861768020584504	-140.62405	0	21	flight-session	84	+0:LEVEL:glide	0	false
2364	-930.5039737289844	70.0682730391279	-146.07714512470835	1.00133166461251	-0.00619780971670941	-1.3386659970612484	-137.30052	0	20	flight-session	86	+0:LEVEL:glide	0	false
2365	-929.4979594287943	70.04516657050804	-147.39323386443772	1.079484907191347	-0.011553234309926455	-1.2826829720022501	-135.61693	-7.6370864	19	flight-session	87	+0:AIM_PULL:glide	0	false
2366	-928.4236026074353	70.04428774429431	-148.65108328256818	1.1264514998499124	0.11250049524860348	-1.2309907491042895	-119.56213	0	18	flight-session	88	+15:LEVEL:glide	0	false
2367	-927.2762423328381	70.13493823140224	-149.82938755855756	1.3130531774978595	0.04532524355396917	-1.008470074891959	-119.359375	-6.570597	17	flight-session	89	+15:AIM_PULL:glide	0	false
2368	-925.9693351347086	70.18274885517968	-150.8049766673277	1.3894362078599762	0.12115717939164361	-0.9017461405719621	-144.35938	1.4294028	16	flight-session	90	-15:AIM:glide	0	false
2369	-924.635783499788	70.28184630385631	-151.74169286439613	1.1619708694879787	0.028362809166214337	-1.158889116910565	-139.00377	0	15	flight-session	91	+0:LEVEL:glide	0	false
2370	-923.4938763409634	70.29004185699871	-152.89687789324856	1.1419071588246072	0.008195553142397977	-1.1551850288524261	-139.05362	7.386483	0	flight-session	92	+0:AIM:fire	0	false
2371	-922.3703057159609	70.2787349411683	-154.048446670241	1.1142741461671095	-0.11487684903087263	-1.2124368819730884	-138.22305	-0.6135168	35	flight-session	94	+0:AIM_PULL:glide	0	false
2372	-921.2612771641476	70.16196416070373	-155.2587888123595	1.1208241332751083	-0.04933986794479282	-1.2389769092865288	-137.74702	-6.6592245	34	flight-session	95	+0:AIM_PULL:glide	0	false
2373	-920.1519009657736	70.12429999039193	-156.48459792116	1.1223768265658485	0.07971498718017728	-1.2378061530921818	-152.15337	0	33	flight-session	96	-15:LEVEL:glide	0	false
2374	-919.0745855855304	70.18282067896747	-157.73374162087904	0.9357468198079961	0.029260344287773358	-1.3761170555718385	-127.153366	-6.098976	32	flight-session	97	+15:AIM_PULL:glide	0	false
2375	-918.1145428345748	70.21340511903517	-159.05555035937198	1.153677955329899	0.10557850397392499	-1.1713165407295036	-133.92433	1.9010239	31	flight-session	98	+0:AIM:glide	0	false
2376	-916.9693829742132	70.29720734806851	-160.2121010573717	1.1844714323227605	0.013709800251538895	-1.1675919585017123	-133.81279	7.334408	30	flight-session	99	+0:AIM:glide	0	false
2377	-915.7947321484386	70.29078533936762	-161.36684931225855	1.1957220652282197	-0.11170700049784249	-1.160968294675927	-133.90164	7.557342	29	flight-session	100	+0:AIM:glide	0	false
2378	-914.6020846480346	70.17347938338658	-162.5237421206681	1.2034641392868062	-0.17038122003019798	-1.1627385686496878	-140.50018	-0.44265795	28	flight-session	102	+0:AIM_PULL:glide	0	false
2379	-913.4139191452357	70.00716886106989	-163.7003078889682	1.1347482914986124	-0.07663590665102199	-1.244131339579142	-160.98657	0	27	flight-session	104	-15:LEVEL:glide	0	false
2380	-912.3457308638183	69.92193598974482	-164.97457644795298	0.8110701956155535	-0.04261643566253334	-1.4407413022546804	-167.7504	0	26	flight-session	105	-15:LEVEL:glide	0	false
2381	-911.5871546348656	69.86670829241558	-166.42368413050116	0.5596355951012963	-0.027613848664618384	-1.55520107440264	-161.07376	-8	25	flight-session	107	-15:AIM_PULL:glide	0	false
2382	-911.0367135128673	69.8524431498953	-167.96042731320765	0.5482777088596171	0.11113586716849432	-1.5645708862779828	-136.07376	-9.182035	24	flight-session	108	+15:AIM_PULL:glide	0	false
2383	-910.4408710472795	69.97343325214946	-169.46587699083466	0.8800605340939429	0.19608764661491956	-1.3570481097304405	-135.53561	-1.1820354	23	flight-session	109	+0:AIM:glide	0	false
2384	-909.5454012458166	70.1501559888279	-170.7884330204369	1.0430325412935435	0.10588106448919318	-1.2677521729689638	-133.04039	5.380307	22	flight-session	110	+0:AIM:glide	0	false
2385	-908.4972703906669	70.23380245891494	-172.02892364298606	1.1425873712632328	-0.03784105453528165	-1.1978127485657155	-131.81912	-2.6196928	21	flight-session	111	+0:AIM_PULL:glide	0	false
2386	-907.355246213784	70.19213724114323	-173.2070790556787	1.2038662044044772	0.017944468684703806	-1.1551922035310762	-116.48253	0	20	flight-session	112	+15:LEVEL:glide	0	false
2387	-906.1345848024831	70.19032426248785	-174.31007967107698	1.3711767482834936	-0.0009064893276883887	-0.930463726004069	-117.115326	-5.6949043	19	flight-session	113	+15:AIM_PULL:glide	0	false
2388	-904.7704411315702	70.1927554268016	-175.21205023057044	1.4349201685767592	0.08550329897771262	-0.8364736572582332	-142.11533	-5.4696236	18	flight-session	114	-15:AIM_PULL:glide	0	false
2389	-903.3944125517448	70.27625943450504	-176.08267298483614	1.2076189281315801	0.12271434177774977	-1.1031010211357635	-137.90302	2.5303764	17	flight-session	116	+0:AIM:glide	0	false
2390	-902.2098667157215	70.37680488208593	-177.18568047315694	1.1615771160383015	0.01279821949098879	-1.18157387617754	-138.45073	0	16	flight-session	117	+0:LEVEL:glide	0	false
2391	-901.065675266278	70.37045291155336	-178.36170245359574	1.135881352206075	-0.0031759852662873213	-1.2241287257245101	-138.37706	0	15	flight-session	118	+0:LEVEL:glide	0	false
2392	-899.9424112363594	70.35001169215064	-179.5775219922705	1.1262709753208298	-0.010220609701353786	-1.2432701801469028	-137.93456	-4.6948733	14	flight-session	119	+0:AIM_PULL:glide	0	false
2393	-898.829092436436	70.3401927067209	-180.80694865822082	1.124242594336747	0.06460756802690963	-1.2436055788638727	-152.31009	3.3051267	13	flight-session	120	-15:AIM:glide	0	false
2394	-897.7502662047204	70.38371267836676	-182.06196057918197	0.9337556515919244	-0.02719004837076497	-1.378903227464559	-151.2381	-3.816393	12	flight-session	121	-15:AIM_PULL:glide	0	false
2395	-896.8388335772729	70.35572501987585	-183.43531999528807	0.8638079303543247	0.042520405222881176	-1.430156832028804	-133.13147	4.183607	11	flight-session	122	+0:AIM:glide	0	false
2396	-895.9484593818104	70.37748207685759	-184.8226648479787	0.8903741954625202	0.021757056981742063	-1.3873448526906442	-145.64508	6.966958	0	flight-session	124	-15:AIM:fire	0	false
2397	-895.0630281652847	70.37833887149705	-186.19351214372722	0.9189040801761709	-0.10265005219775722	-1.3819287056859988	-142.74442	0	35	flight-session	125	-15:LEVEL:glide	0	false
2398	-894.1381980911606	70.2701615233532	-187.56427032166368	0.9770345454477103	-0.054088674071924775	-1.361889822334249	-124.91687	0	34	flight-session	126	+0:LEVEL:glide	0	false
2399	-893.1261796000468	70.20481531154994	-188.8764658953965	1.2030148125115028	-0.03267310590162702	-1.1425988040792814	-137.78351	0	33	flight-session	127	-15:LEVEL:glide	0	false
2400	-891.940762209384	70.1583576312405	-190.0196390765519	1.163896021643475	-0.023228840154714412	-1.2010665889278327	-152.60634	-6.1797457	32	flight-session	128	-30:AIM_PULL:glide	0	false
2401	-890.8287169624872	70.1421311000732	-191.23454044553597	0.9448461073327721	0.08330738415346658	-1.357746466581275	-151.50014	-6.133656	31	flight-session	129	-30:AIM_PULL:glide	0	false
2402	-889.9117135287108	70.22565983017842	-192.5826702326692	0.861815368569139	0.1325368265712535	-1.4167517106165852	-148.32808	-5.2683787	30	flight-session	130	-30:AIM_PULL:glide	0	false
2403	-889.060482846311	70.35454878868386	-193.98009560520302	0.870043698681883	0.14248594557824315	-1.4190461641216505	-144.37912	-4.031556	29	flight-session	131	-30:AIM_PULL:glide	0	false
2404	-888.191718698114	70.4889557478884	-195.37503071468444	0.9282406618403496	0.12688849192791457	-1.3866930138395257	-140.47281	-2.754547	28	flight-session	132	-30:AIM_PULL:glide	0	false
2405	-887.2613288899731	70.60362108954133	-196.73579199591134	1.0055646680407895	0.09814483052865193	-1.3352304589623305	-137.02539	-1.6206551	27	flight-session	133	-30:AIM_PULL:glide	0	false
2406	-886.2537067810699	70.68608542829485	-198.04531736733898	1.0830432077480712	0.065269320136003	-1.2763802979565138	-134.1885	6.379345	26	flight-session	134	-30:AIM:glide	0	false
2407	-885.1698814697073	70.72972344265771	-199.298080649404	1.1476490454375083	-0.07259880139598172	-1.2151674443505258	-123.26954	9.930469	25	flight-session	136	-15:AIM:glide	0	false
2408	-884.0021472504693	70.64620237483487	-200.47603847898097	1.2839365281685473	-0.18828238160653088	-1.0482546462328366	-137.2901	1.9304686	24	flight-session	137	-30:LEVEL:glide	0	false
2409	-882.7342685270982	70.46241408700114	-201.54422329646715	1.2102104098738047	-0.12049269499649941	-1.1582668784524919	-137.41736	0	23	flight-session	138	-30:LEVEL:glide	0	false
2410	-881.5352826312936	70.33849952760251	-202.70756490453604	1.1746519224305805	-0.061957279699314714	-1.207523922334883	-136.54105	0	22	flight-session	139	-30:LEVEL:glide	0	false
2411	-880.3689235885914	70.26621320550082	-203.90982086769603	1.1678709177067375	-0.03614316105084276	-1.218085017240743	-120.16024	7.182031	21	flight-session	140	-15:AIM:glide	0	false
2412	-879.1795716183778	70.2157803331465	-205.08157827830675	1.3238642544835364	-0.13144891278412313	-1.0095521204893843	-124.90342	0	20	flight-session	142	-15:LEVEL:glide	0	false
2413	-877.8537582480564	70.0822023894711	-206.08310754093276	1.360052135275957	-0.06678897183769474	-0.9870651712834022	-137.54697	-6.762452	19	flight-session	144	-15:AIM_PULL:glide	0	false
2414	-876.5292113102689	70.02962275566276	-207.0858042292407	1.2320530974089872	0.07379500758338942	-1.1240986502834196	-152.61064	0	18	flight-session	146	-15:LEVEL:glide	0	false
2415	-875.3554817548061	70.08234186412054	-208.23397259272596	0.9779609449978078	0.026359554228889984	-1.3287654351758627	-136.53142	-6.447574	17	flight-session	148	+15:AIM_PULL:glide	0	false
2416	-874.3762817381449	70.11105821851696	-209.53164658409693	1.0707091595747094	0.10974778362933568	-1.261778609478852	-154.26955	-6.730438	16	flight-session	150	+0:AIM_PULL:glide	0	false
2417	-873.3541431819332	70.22252711592667	-210.7972448746329	0.8776069578377432	0.15533370358122708	-1.3932029929623757	-161.98904	-5.129587	15	flight-session	151	+0:AIM_PULL:glide	0	false
2418	-872.5234105493682	70.37313510137598	-212.18862533399707	0.6771481771704992	0.15123535627746304	-1.5007941694537341	-147.22429	-4.49516	14	flight-session	153	+15:AIM_PULL:glide	0	false
2419	-871.8343141942378	70.51756543472571	-213.65901603282592	0.8033042995582856	0.13880791066766923	-1.4476540791583892	-143.21617	-2.810813	13	flight-session	154	+15:AIM_PULL:glide	0	false
2420	-871.0221462296491	70.64402618201692	-215.07782582160223	0.8121679645886475	0.12646074729120843	-1.4188097887763207	-168.21617	-2.1663542	0	flight-session	156	-15:AIM_PULL:glide	0	false
2421	-870.2658892488124	70.75601829625195	-216.4982650819675	0.7562569808366815	0.11199211423504007	-1.4204392603652658	172.2723	-0.27240276	0	flight-session	157	-15:AIM_PULL:glide	0	false
2422	-869.6134532600486	70.8471175381082	-217.92147449381545	0.652435988763855	0.091099241856244	-1.4232094118479595	-179.01198	-8.272403	0	flight-session	159	+0:PULL_UP:glide	0	false
2423	-869.0295965415891	70.94381684114639	-219.33650625081933	0.583856718459474	0.09669930303819123	-1.4150317570038704	175.6356	-12	0	flight-session	160	+0:PULL_UP:glide	0	false
2424	-868.5200561900899	71.05635349837847	-220.73709690411346	0.5095403514991339	0.11253665723207772	-1.4005906532941261	-174.65047	-12	0	flight-session	161	+15:PULL_UP:glide	0	false
2425	-868.0533269646584	71.18335854450362	-222.12093667446354	0.4667292254315433	0.12700504612514807	-1.3838397703500669	-177.77766	-4	0	flight-session	163	+15:AIM_PULL:glide	0	false
2426	-867.6319995699174	71.30071336724367	-223.49478409572563	0.42132739474090225	0.1173548227400499	-1.373847421262106	177.721	3.9777708	0	flight-session	164	+15:AIM_PULL:glide	0	false
2427	-867.2622556774571	71.39583814277944	-224.8610327262474	0.3697438924602516	0.09512477553576298	-1.3662486305217794	165.1367	4.254608	0	flight-session	165	+15:AIM_PULL:glide	0	false
2428	-866.9687604901566	71.46913679123885	-226.21379524638985	0.2934951873004961	0.07329864845940715	-1.3527625201424454	161.25667	5.210394	0	flight-session	166	+15:AIM_PULL:glide	0	false
2429	-866.7513019478768	71.52088454149634	-227.54887465900643	0.21745854227982295	0.05174775025748718	-1.3350794126165835	157.86916	6.025646	0	flight-session	167	+15:AIM_PULL:glide	0	false
2430	-866.6079975297012	71.55134939313767	-228.86247807745852	0.14330441817557493	0.03046485164132704	-1.313603418452087	154.99522	14.025646	0	flight-session	168	+15:AIM:glide	0	false
2431	-866.5356096005697	71.55815124066258	-230.15145567286817	0.0723879291314687	0.006801847524914623	-1.2889775954096492	152.64584	19.277983	0	flight-session	169	+15:AIM:glide	0	false
2432	-866.5305628308998	71.54053133974435	-231.4148431951465	0.005046769669914057	-0.01761990091823975	-1.2633875222783228	164.71754	19.112146	0	flight-session	171	+15:AIM:glide	0	false
2433	-866.5599680098904	71.50121461508122	-232.6645523005712	-0.02940517899062913	-0.039316724663116656	-1.249709105424711	163.6997	11.112146	0	flight-session	172	+15:AIM_PULL:glide	0	false
2434	-866.6223920016472	71.44670752002591	-233.901889688097	-0.062423991756748475	-0.05450709505531412	-1.2373373875257996	-171.3003	3.1121464	0	flight-session	176	+0:AIM_PULL:glide	0	false
2435	-866.6584531197553	71.38081470889958	-235.13215624122762	-0.036061118108147355	-0.06589281112632958	-1.2302665531306336	-146.3003	-4.536685	0	flight-session	177	+15:AIM_PULL:glide	0	false
2436	-866.6206604185454	71.3168722235081	-236.33316687112006	0.03779270120991431	-0.06394248539147311	-1.2010106298924512	-153.1588	0	0	flight-session	178	+0:LEVEL:glide	0	false
2437	-866.5298901833713	71.24283494995186	-237.5160793798276	0.09077023517410372	-0.07403727355624755	-1.1829125087075512	-146.04158	0	0	flight-session	179	+0:LEVEL:glide	0	false
2438	-866.3787250538855	71.15989407306098	-238.67442398031133	0.15116512948572752	-0.08294087689086713	-1.158344600483742	-141.2082	0	0	flight-session	179	+0:LEVEL:glide	0	false
2439	-866.165836259836	71.06910021787614	-239.80379633208872	0.21288879404949665	-0.09079385518484208	-1.1293723517773813	-135.18585	4.913457	0	flight-session	180	+0:AIM:glide	0	false
2440	-865.8890201804081	70.97091184006753	-240.89775236278496	0.27681607942791936	-0.09818837780861746	-1.0939560306962428	-130.49748	3.8016863	0	flight-session	181	+0:AIM:glide	0	false
2441	-865.5494320039832	70.866386014405	-241.95183743547207	0.3395881764249843	-0.10452582566253565	-1.0540850726871163	-125.09515	3.3975677	0	flight-session	181	+0:AIM:glide	0	false
2442	-865.1480873901501	70.75632543324548	-242.9604201536167	0.4013446138330985	-0.11006058115951887	-1.0085827181446227	-122.074814	-4.6024323	0	flight-session	182	+0:AIM_PULL:glide	0	false
2443	-864.6922707761971	70.65210401739071	-243.92061905530238	0.45581661395294476	-0.10422141585476263	-0.9601989016856801	-120.02963	-10.781715	0	flight-session	183	+0:AIM_PULL:glide	0	false
2444	-864.1917619705376	70.56518790244458	-244.83070072279838	0.5005088056594375	-0.08691611494613435	-0.9100816674959961	-115.12544	-11.405902	0	flight-session	183	+0:AIM_PULL:glide	0	false
2445	-863.6508662770644	70.49415999958322	-245.68609864372465	0.5408956934731636	-0.07102790286136271	-0.8553979209262705	-114.58317	-12.049469	0	flight-session	184	+0:AIM_PULL:glide	0	false
2446	-863.0774037371413	70.43766312758822	-246.4901264240243	0.5734625399231355	-0.056496871994991205	-0.804027780299669	-114.58922	-12.493761	0	flight-session	185	+0:AIM_PULL:glide	0	false
2447	-862.478341055083	70.39414751985163	-247.24683053939862	0.5990626820582979	-0.04351560773659022	-0.7567041153742924	-110.65086	-12.949208	0	flight-session	185	+0:AIM_PULL:glide	0	false
2448	-861.8571097787417	70.3622675709776	-247.95401543537278	0.6212312763412732	-0.031879948874034746	-0.7071848959741619	-111.825806	-13.1522255	0	flight-session	186	+0:AIM_PULL:glide	0	false
2449	-861.2198561829923	70.34035433313082	-248.61765067431946	0.6372535957493484	-0.02191323784676839	-0.6636352389466812	-108.21587	-13.518673	0	flight-session	186	+0:AIM_PULL:glide	0	false
2450	-860.5692044955055	70.32722123405019	-249.23621681390867	0.650651687486835	-0.013133099080626503	-0.6185661395892115	-110.45527	-13.527891	0	flight-session	187	+0:AIM_PULL:glide	0	false
2451	-859.9103346084025	70.32124251220371	-249.81687115588306	0.6588698871028728	-0.005978721846477283	-0.5806543419744082	-112.71238	-13.473518	0	flight-session	188	+0:AIM_PULL:glide	0	false
2452	-859.2475305145625	70.3209605840464	-250.36593509623782	0.662804093839964	-0.0002819281573033386	-0.5490639403547634	-110.37002	-5.4735184	0	flight-session	188	+0:AIM:glide	0	false
2453	-858.5781332405844	70.31311467379406	-250.88442187388947	0.6693972739781034	-0.00784591025234416	-0.5184867776516481	-110.37002	0	0	flight-recovery	189		2	false
2454	-857.9007911673292	70.28855458047349	-251.37643303953226	0.6773420732551778	-0.02456009332057428	-0.4920111656428054	-122.37002	-8	0	flight-recovery	0		4	false
