tick	x	y	z	yaw	pitch	vx	vy	vz	boost	fire	cursor	note
0	-985.500	73.500	-65.500	-135.00	0.00	0.990	0.000	-0.990	0	true	5	+0:LEVEL:fire
1	-984.519	73.482	-66.481	-126.31	-0.16	1.092	-0.009	-1.092	34	false	6	+15:AIM:glide
2	-983.421	73.457	-67.546	-141.64	-0.39	1.234	-0.010	-1.036	33	false	7	+0:AIM:glide
3	-982.221	73.432	-68.596	-166.64	0.00	1.127	-0.007	-1.191	32	false	9	-15:LEVEL:glide
4	-981.179	73.409	-69.817	-154.76	0.00	0.718	-0.012	-1.438	31	false	10	+0:LEVEL:glide
5	-980.470	73.380	-71.245	-162.52	-1.04	0.717	-0.014	-1.483	30	false	12	+0:AIM:glide
6	-979.782	73.354	-72.723	-146.39	0.00	0.599	0.002	-1.550	29	false	14	+15:LEVEL:glide
7	-979.156	73.339	-74.243	-150.18	0.00	0.784	-0.008	-1.467	28	false	15	+15:LEVEL:glide
8	-978.375	73.314	-75.695	-149.60	0.00	0.813	-0.012	-1.464	27	false	17	+15:LEVEL:glide
9	-977.565	73.286	-77.145	-155.49	0.00	0.835	-0.014	-1.458	26	false	18	+15:LEVEL:glide
10	-976.750	73.255	-78.598	-177.92	0.00	0.760	-0.015	-1.500	25	false	20	+0:LEVEL:glide
11	-976.067	73.225	-80.104	-159.93	-8.00	0.372	-0.015	-1.602	24	false	21	+15:AIM_PULL:glide
12	-975.681	73.221	-81.680	-163.48	-14.34	0.482	0.116	-1.579	23	false	23	+15:AIM_PULL:glide
13	-975.210	73.363	-83.229	-158.54	-13.24	0.470	0.282	-1.564	22	false	24	+15:AIM_PULL:glide
14	-974.736	73.663	-84.761	-162.99	-5.24	0.539	0.345	-1.536	21	false	26	+15:LEVEL:glide
15	-974.211	74.000	-86.279	-167.66	2.76	0.511	0.246	-1.568	20	false	27	+15:AIM:glide
16	-973.721	74.221	-87.835	-163.10	6.17	0.426	0.070	-1.608	19	false	29	+15:AIM:glide
17	-973.293	74.269	-89.425	-172.56	-1.83	0.459	-0.067	-1.604	18	false	30	+0:AIM_PULL:glide
18	-972.861	74.199	-91.024	-159.97	5.79	0.326	-0.008	-1.642	17	false	32	+0:AIM:glide
19	-972.514	74.173	-92.645	-152.77	5.84	0.464	-0.098	-1.605	16	false	33	+0:AIM:glide
20	-972.020	74.068	-94.231	-131.25	5.13	0.634	-0.139	-1.545	15	false	34	+15:AIM:glide
21	-971.320	73.928	-95.726	-126.33	-2.87	0.986	-0.146	-1.306	14	false	35	+15:AIM_PULL:glide
22	-970.302	73.791	-96.992	-123.04	2.70	1.193	-0.026	-1.136	13	false	37	+30:AIM:glide
23	-969.098	73.751	-98.096	-139.32	2.39	1.313	-0.060	-1.015	12	false	38	+15:AIM:glide
24	-967.816	73.680	-99.130	-145.02	1.52	1.195	-0.071	-1.161	11	false	40	+15:AIM:glide
25	-966.653	73.600	-100.306	-160.84	-6.48	1.069	-0.063	-1.284	10	false	41	+0:AIM_PULL:glide
26	-965.646	73.550	-101.607	-159.99	0.45	0.781	0.071	-1.448	9	false	42	+0:AIM:glide
27	-964.894	73.599	-103.051	-171.28	-1.53	0.667	0.018	-1.520	8	false	43	-15:AIM_PULL:glide
28	-964.276	73.603	-104.567	-162.53	6.47	0.438	0.025	-1.598	7	false	45	-15:AIM:glide
29	-963.836	73.607	-106.147	-155.99	14.47	0.473	-0.094	-1.596	6	false	46	-15:AIM:glide
30	-963.343	73.503	-107.728	-149.58	6.47	0.581	-0.265	-1.542	5	false	47	-15:AIM_PULL:glide
31	-962.730	73.251	-109.265	-144.00	2.58	0.734	-0.222	-1.497	4	false	48	-15:AIM_PULL:glide
32	-961.966	73.038	-110.749	-124.46	10.58	0.881	-0.145	-1.429	3	false	49	+0:AIM:glide
33	-961.032	72.890	-112.125	-121.39	18.58	1.156	-0.230	-1.161	2	false	50	+0:AIM:glide
34	-959.846	72.661	-113.254	-136.27	10.58	1.281	-0.385	-0.984	1	false	51	-15:LEVEL:glide
35	-958.571	72.301	-114.272	-136.09	2.58	1.216	-0.336	-1.113	0	false	53	+0:LEVEL:glide
36	-957.352	71.986	-115.403	-121.76	0.00	1.218	-0.314	-1.132	0	false	54	+15:LEVEL:glide
37	-956.102	71.691	-116.514	-129.16	0.00	1.251	-0.295	-1.111	0	false	56	+15:LEVEL:glide
38	-954.837	71.414	-117.626	-145.60	5.95	1.265	-0.278	-1.112	0	true	57	+0:AIM_PULL:fire
39	-953.601	71.150	-118.776	-129.38	1.19	1.095	-0.220	-1.273	34	false	59	+15:AIM_PULL:glide
40	-952.480	70.938	-120.029	-154.38	0.00	1.217	-0.123	-1.166	33	false	60	-15:LEVEL:glide
41	-951.318	70.812	-121.229	-144.08	8.00	0.949	-0.063	-1.367	32	false	61	+0:AIM:glide
42	-950.372	70.737	-122.586	-141.76	11.19	0.967	-0.156	-1.360	31	false	62	+0:AIM:glide
43	-949.398	70.580	-123.940	-139.47	10.20	1.003	-0.244	-1.332	30	false	63	+0:AIM:glide
44	-948.383	70.345	-125.270	-136.97	2.20	1.051	-0.268	-1.301	29	false	65	+0:AIM_PULL:glide
45	-947.316	70.090	-126.568	-120.68	-5.80	1.113	-0.160	-1.270	28	false	66	+15:AIM_PULL:glide
46	-946.171	69.953	-127.790	-145.68	0.00	1.299	0.017	-1.043	27	false	67	-15:LEVEL:glide
47	-944.921	69.950	-128.856	-163.78	3.90	1.105	-0.001	-1.235	26	false	69	-15:AIM:glide
48	-943.890	69.931	-130.115	-147.81	0.00	0.752	-0.067	-1.444	25	false	70	+0:LEVEL:glide
49	-943.130	69.854	-131.545	-148.64	0.00	0.833	-0.039	-1.434	24	false	72	+0:LEVEL:glide
50	-942.300	69.802	-132.967	-145.52	-8.00	0.858	-0.026	-1.437	23	false	73	+0:AIM_PULL:glide
51	-941.444	69.790	-134.381	-127.39	0.00	0.904	0.112	-1.401	22	false	74	+15:AIM:glide
52	-940.507	69.880	-135.729	-124.97	-8.00	1.144	0.045	-1.190	21	false	75	+15:AIM_PULL:glide
53	-939.361	69.932	-136.878	-149.97	-7.89	1.263	0.144	-1.057	20	false	76	-15:AIM_PULL:glide
54	-938.158	70.082	-137.955	-139.97	0.11	1.023	0.191	-1.267	19	false	78	+0:AIM:glide
55	-937.143	70.250	-139.207	-153.74	-5.92	1.054	0.082	-1.277	18	false	79	-15:AIM_PULL:glide
56	-936.134	70.332	-140.486	-137.25	2.08	0.879	0.129	-1.398	17	false	80	+0:AIM:glide
57	-935.240	70.438	-141.852	-162.25	-3.96	1.023	0.022	-1.307	16	false	81	-30:AIM_PULL:glide
58	-934.280	70.454	-143.169	-162.18	-3.58	0.739	0.067	-1.466	15	false	82	-30:AIM_PULL:glide
59	-933.573	70.513	-144.626	-142.37	0.00	0.613	0.082	-1.536	14	false	83	-15:LEVEL:glide
60	-932.927	70.574	-146.125	-136.88	0.00	0.842	0.031	-1.422	13	false	84	-15:LEVEL:glide
61	-932.064	70.585	-147.512	-133.24	0.00	1.012	0.005	-1.314	12	false	85	-15:LEVEL:glide
62	-931.042	70.572	-148.796	-131.01	0.00	1.130	-0.007	-1.224	11	false	86	-15:LEVEL:glide
63	-929.909	70.548	-149.996	-129.84	0.00	1.208	-0.012	-1.158	10	false	87	-15:LEVEL:glide
64	-928.703	70.520	-151.136	-133.47	8.00	1.256	-0.014	-1.114	9	false	89	-15:AIM:glide
65	-927.461	70.489	-152.246	-133.63	8.29	1.232	-0.134	-1.134	8	false	90	-15:AIM:glide
66	-926.234	70.352	-153.379	-118.56	7.44	1.222	-0.191	-1.147	7	false	91	+0:AIM:glide
67	-924.983	70.165	-154.490	-133.77	6.07	1.366	-0.204	-0.958	6	false	92	-15:AIM:glide
68	-923.632	69.966	-155.472	-138.30	3.64	1.286	-0.189	-1.075	5	false	94	-15:AIM:glide
69	-922.364	69.782	-156.568	-138.85	2.29	1.198	-0.146	-1.181	4	false	95	-15:AIM:glide
70	-921.177	69.635	-157.757	-138.40	1.14	1.153	-0.107	-1.234	3	false	96	-15:AIM:glide
71	-920.031	69.523	-158.990	-137.40	0.20	1.137	-0.073	-1.252	2	false	97	-15:AIM:glide
72	-918.899	69.441	-160.235	-136.16	-0.54	1.141	-0.044	-1.248	1	false	98	-15:AIM:glide
73	-917.763	69.386	-161.471	-119.92	-1.07	1.157	-0.019	-1.231	0	true	99	+0:AIM:fire
74	-916.585	69.356	-162.653	-122.30	-9.07	1.326	0.001	-1.015	34	false	101	+0:AIM_PULL:glide
75	-915.271	69.370	-163.642	-113.97	-13.21	1.367	0.141	-0.943	33	false	102	+15:AIM_PULL:glide
76	-913.915	69.534	-164.543	-138.97	-5.21	1.434	0.276	-0.787	32	false	104	-15:AIM:glide
77	-912.535	69.803	-165.362	-146.68	0.00	1.246	0.212	-1.048	31	false	106	+0:LEVEL:glide
78	-911.336	69.990	-166.430	-147.71	0.00	1.066	0.094	-1.245	30	false	107	+0:LEVEL:glide
79	-910.299	70.063	-167.677	-146.88	0.00	0.972	0.036	-1.342	29	false	108	+0:LEVEL:glide
80	-909.343	70.079	-169.009	-145.01	-7.06	0.942	0.008	-1.378	28	false	109	+0:AIM_PULL:glide
81	-908.412	70.093	-170.368	-127.68	-6.75	0.949	0.112	-1.370	27	false	110	+15:AIM_PULL:glide
82	-907.441	70.207	-171.685	-152.68	-5.52	1.153	0.157	-1.175	26	false	111	-15:AIM_PULL:glide
83	-906.341	70.360	-172.872	-140.31	2.48	0.938	0.158	-1.345	25	false	112	+0:AIM:glide
84	-905.402	70.496	-174.195	-137.26	7.85	1.012	0.031	-1.315	24	false	114	+0:AIM:glide
85	-904.388	70.505	-175.487	-135.72	8.17	1.078	-0.111	-1.265	23	false	115	+0:AIM:glide
86	-903.305	70.388	-176.740	-134.73	0.17	1.129	-0.179	-1.229	22	false	116	+0:AIM_PULL:glide
87	-902.169	70.212	-177.964	-149.17	6.25	1.172	-0.090	-1.210	21	false	117	-15:AIM:glide
88	-901.034	70.114	-179.194	-148.52	-1.75	1.000	-0.142	-1.340	20	false	118	-15:AIM_PULL:glide
89	-900.050	69.978	-180.540	-146.04	0.00	0.936	-0.042	-1.398	19	false	119	-15:LEVEL:glide
90	-899.120	69.923	-181.928	-144.13	-8.00	0.940	-0.027	-1.399	18	false	121	-15:AIM_PULL:glide
91	-898.187	69.910	-183.306	-141.40	-8.68	0.960	0.112	-1.371	17	false	122	-15:AIM_PULL:glide
92	-897.235	70.030	-184.651	-153.87	-7.61	1.001	0.188	-1.329	16	false	123	-30:AIM_PULL:glide
93	-896.274	70.222	-185.975	-136.40	0.00	0.851	0.208	-1.419	15	false	124	-15:LEVEL:glide
94	-895.403	70.406	-187.358	-148.03	0.00	1.022	0.092	-1.307	14	false	125	-30:LEVEL:glide
95	-894.405	70.477	-188.662	-145.67	-3.52	0.949	0.035	-1.373	13	false	126	-30:AIM_PULL:glide
96	-893.469	70.505	-190.019	-127.57	0.00	0.947	0.066	-1.379	12	false	127	-15:LEVEL:glide
97	-892.494	70.550	-191.348	-139.75	8.00	1.161	0.023	-1.183	11	false	128	-30:AIM:glide
98	-891.353	70.551	-192.528	-123.62	0.00	1.114	-0.118	-1.232	10	false	129	-15:LEVEL:glide
99	-890.213	70.430	-193.723	-137.27	-3.17	1.278	-0.061	-1.068	9	false	130	-30:AIM_PULL:glide
100	-888.960	70.370	-194.799	-142.69	-4.92	1.202	0.017	-1.161	8	false	132	-30:AIM_PULL:glide
101	-887.792	70.385	-195.962	-141.97	0.00	1.098	0.080	-1.255	7	false	133	-30:LEVEL:glide
102	-886.712	70.444	-197.210	-140.23	-3.88	1.064	0.030	-1.294	6	false	134	-30:AIM_PULL:glide
103	-885.661	70.467	-198.487	-138.09	4.12	1.068	0.069	-1.290	5	false	135	-30:AIM:glide
104	-884.598	70.515	-199.760	-135.92	0.00	1.097	-0.037	-1.268	4	false	136	-30:LEVEL:glide
105	-883.502	70.465	-201.012	-133.92	8.00	1.140	-0.025	-1.237	3	false	137	-30:AIM:glide
106	-882.363	70.424	-202.233	-132.20	8.76	1.175	-0.139	-1.194	2	false	138	-30:AIM:glide
107	-881.183	70.283	-203.417	-137.31	0.76	1.213	-0.200	-1.157	1	false	140	-30:LEVEL:glide
108	-879.976	70.088	-204.584	-136.48	4.98	1.179	-0.108	-1.208	0	false	141	-30:AIM:glide
109	-878.803	69.975	-205.790	-135.18	4.16	1.174	-0.114	-1.206	0	false	142	-30:AIM:glide
110	-877.631	69.856	-206.991	-154.37	0.00	1.172	-0.118	-1.201	0	false	145	-30:LEVEL:glide
111	-876.510	69.734	-208.222	-172.77	0.00	1.121	-0.122	-1.231	0	false	148	-30:LEVEL:glide
112	-875.489	69.609	-209.495	-161.41	-8.00	1.021	-0.125	-1.273	0	false	150	-15:AIM_PULL:glide
113	-874.526	69.508	-210.787	-167.09	-11.93	0.963	-0.101	-1.292	0	false	151	-15:AIM_PULL:glide
114	-873.632	69.441	-212.092	-164.92	-12.55	0.893	-0.068	-1.305	0	false	152	-15:AIM_PULL:glide
115	-872.797	69.403	-213.402	-166.60	-12.80	0.836	-0.037	-1.310	0	false	154	-15:AIM_PULL:glide
116	-872.018	69.393	-214.711	-171.49	-12.97	0.778	-0.010	-1.310	0	false	155	-15:AIM_PULL:glide
117	-871.304	69.407	-216.018	-179.45	-12.79	0.714	0.014	-1.307	0	false	157	-15:AIM_PULL:glide
118	-870.666	69.440	-217.319	-169.32	-12.55	0.638	0.033	-1.301	0	false	158	+0:AIM_PULL:glide
119	-870.073	69.489	-218.608	-175.25	-12.00	0.593	0.049	-1.289	0	false	160	+0:PULL_UP:glide
120	-869.534	69.553	-219.886	-179.71	-11.54	0.539	0.063	-1.278	0	false	161	+0:AIM_PULL:glide
121	-869.053	69.628	-221.152	175.97	-12.00	0.481	0.075	-1.266	0	false	162	+0:PULL_UP:glide
122	-868.633	69.714	-222.403	171.91	-10.01	0.420	0.087	-1.252	0	false	163	+0:AIM_PULL:glide
123	-868.276	69.806	-223.640	162.04	-12.00	0.357	0.092	-1.237	0	false	165	+0:PULL_UP:glide
124	-867.995	69.908	-224.854	156.07	-12.00	0.282	0.102	-1.214	0	false	165	+0:PULL_UP:glide
125	-867.790	70.018	-226.040	153.61	-12.00	0.205	0.110	-1.186	0	false	166	+0:PULL_UP:glide
126	-867.657	70.136	-227.195	151.81	-12.00	0.133	0.117	-1.155	0	false	167	+0:PULL_UP:glide
127	-867.589	70.259	-228.319	154.78	-12.00	0.068	0.123	-1.123	0	false	169	+0:PULL_UP:glide
128	-867.572	70.386	-229.413	177.42	-12.00	0.017	0.128	-1.094	0	false	170	+15:PULL_UP:glide
129	-867.561	70.518	-230.488	177.12	-12.00	0.011	0.132	-1.075	0	false	171	+15:PULL_UP:glide
130	-867.556	70.653	-231.544	161.93	-4.00	0.005	0.135	-1.056	0	false	172	+0:AIM_PULL:glide
131	-867.584	70.775	-232.582	-173.07	4.00	-0.028	0.122	-1.038	0	false	173	+30:AIM:glide
132	-867.596	70.874	-233.609	-148.07	0.00	-0.012	0.099	-1.027	0	false	175	+30:LEVEL:glide
133	-867.553	70.952	-234.610	-160.78	-7.86	0.043	0.078	-1.001	0	false	176	+0:AIM_PULL:glide
134	-867.484	71.024	-235.591	-153.21	0.00	0.069	0.073	-0.981	0	false	177	+0:LEVEL:glide
135	-867.378	71.076	-236.553	-131.89	4.64	0.106	0.052	-0.961	0	false	178	+15:AIM:glide
136	-867.213	71.106	-237.473	-156.89	5.54	0.165	0.031	-0.920	0	false	178	-15:AIM:glide
137	-867.029	71.116	-238.378	-138.52	-2.46	0.184	0.010	-0.905	0	false	179	+0:AIM_PULL:glide
138	-866.805	71.112	-239.253	-134.61	-6.22	0.224	-0.004	-0.875	0	false	179	+0:AIM_PULL:glide
139	-866.543	71.102	-240.094	-146.15	0.00	0.262	-0.010	-0.841	0	false	180	-15:LEVEL:glide
140	-866.259	71.076	-240.918	-143.51	0.00	0.284	-0.026	-0.824	0	false	181	-15:LEVEL:glide
141	-865.953	71.035	-241.725	-124.70	0.00	0.307	-0.041	-0.807	0	false	181	+0:LEVEL:glide
142	-865.605	70.982	-242.496	-123.26	0.00	0.348	-0.054	-0.771	0	false	182	+0:LEVEL:glide
143	-865.219	70.917	-243.232	-119.74	0.00	0.385	-0.065	-0.736	0	false	182	+0:LEVEL:glide
144	-864.798	70.842	-243.932	-134.53	2.71	0.421	-0.075	-0.701	0	false	183	-15:AIM:glide
145	-864.359	70.758	-244.619	-131.18	-5.29	0.439	-0.084	-0.687	0	false	183	-15:AIM_PULL:glide
146	-863.902	70.676	-245.289	-131.64	-10.60	0.457	-0.083	-0.669	0	false	184	-15:AIM_PULL:glide
147	-863.432	70.602	-245.941	-128.34	-11.10	0.470	-0.074	-0.652	0	false	184	-15:AIM_PULL:glide
148	-862.949	70.536	-246.573	-114.41	-12.00	0.483	-0.066	-0.632	0	false	185	+0:PULL_UP:glide
149	-862.445	70.478	-247.170	-111.41	-12.00	0.504	-0.058	-0.597	0	false	185	+0:PULL_UP:glide
150	-861.923	70.428	-247.730	-113.33	-12.59	0.522	-0.051	-0.560	0	false	186	+0:AIM_PULL:glide
151	-861.388	70.383	-248.259	-110.84	-13.06	0.535	-0.044	-0.529	0	false	186	+0:AIM_PULL:glide
152	-860.843	70.345	-248.757	-113.39	-13.29	0.546	-0.038	-0.498	0	false	187	+0:AIM_PULL:glide
153	-860.290	70.312	-249.229	-111.42	-13.74	0.553	-0.033	-0.472	0	false	187	+0:AIM_PULL:glide
154	-859.732	70.283	-249.676	-114.38	-13.82	0.558	-0.029	-0.447	0	false	188	+0:AIM_PULL:glide
155	-859.172	70.258	-250.102	-112.92	-14.25	0.560	-0.025	-0.426	0	false	188	+0:AIM_PULL:glide
156	-858.610	70.237	-250.508	-131.09	-12.00	0.561	-0.021	-0.406	0	false	189	-15:PULL_UP:glide
157	-858.060	70.216	-250.914	-129.94	-12.00	0.551	-0.021	-0.406	0	false	189	-15:PULL_UP:glide
158	-857.518	70.195	-251.319	-117.86	-12.00	0.542	-0.021	-0.404	0	false	190	+0:PULL_UP:glide
159	-856.977	70.175	-251.710	-116.99	-4.00	0.541	-0.021	-0.391	0	false	190	+0:AIM:glide
160	-856.435	70.144	-252.089	-124.65	3.33	0.542	-0.030	-0.379	0	false	191	+0:AIM_PULL:glide
161	-855.894	70.100	-252.467	-126.78	-4.67	0.541	-0.045	-0.378	0	false	192	+0:PULL_UP:glide
162	-855.357	70.049	-252.845	-126.96	-12.00	0.537	-0.051	-0.378	0	false	192	+0:PULL_UP:glide
163	-854.825	70.001	-253.222	-128.78	-12.00	0.532	-0.048	-0.377	0	false	193	+0:PULL_UP:glide
164	-854.300	69.956	-253.599	0.00	0.00	0.525	-0.045	-0.377	0	false	193	eval=40 ok=11 sim=2ms reject[c=29,f=0,s=0,ta=6] first=collision@t15(-845.4,68.3,-259.3)block=minecraft:light_gray_terracotta shape= terminal_unverified checked=6/11
