-850.645964	68.867101	-257.032114	0.705622	-0.049288	-0.538245	-139.104	-4.000
-849.968817	68.805698	-257.592284	0.677147	-0.061403	-0.560170	-148.994	4.000
-849.317913	68.731258	-258.172661	0.650905	-0.074441	-0.580377	-149.658	12.000
-848.691304	68.640607	-258.771749	0.626609	-0.090650	-0.599088	-150.354	20.000
-848.055124	68.540246	-259.360783	0.636180	-0.100361	-0.589034	-125.354	12.000
-847.393329	68.433773	-259.902962	0.661795	-0.106473	-0.542179	-100.354	4.000
-846.719076	68.329391	-260.426594	0.674253	-0.104381	-0.523632	-115.611	-4.000
-846.061829	68.239126	-260.961946	0.657247	-0.090265	-0.535352	-140.611	-12.000
-845.455643	68.170706	-261.519162	0.606187	-0.068420	-0.557216	-165.611	-20.000
-844.929304	68.127349	-262.089161	0.526339	-0.043357	-0.569999	169.389	-28.000
-844.498451	68.107542	-262.650248	0.430853	-0.019807	-0.561087	144.389	-36.000
-844.163086	68.105288	-263.177505	0.335365	-0.002254	-0.527258	119.389	-44.000
-843.913786	68.112279	-263.651092	0.249300	0.006990	-0.473587	94.389	-41.112
-843.733309	68.120782	-264.057394	0.180477	0.008503	-0.406302	69.389	-33.112
-843.599728	68.124384	-264.391598	0.133581	0.003603	-0.334204	44.389	-25.112
-843.491867	68.118441	-264.657665	0.107861	-0.005943	-0.266068	19.389	-17.112
-843.392909	68.099868	-264.865685	0.098958	-0.018573	-0.208019	-5.611	-9.112
-843.291456	68.066386	-265.028581	0.101454	-0.033482	-0.162897	-30.611	-1.112
-843.195681	68.021251	-265.151402	0.095774	-0.045135	-0.122820	-13.550	-6.813
-843.114267	67.964895	-265.241477	0.081414	-0.056356	-0.090075	11.450	-14.813
-843.050891	67.894241	-265.307646	0.063376	-0.070654	-0.066169	33.044	-22.813
-843.006633	67.803551	-265.358987	0.044258	-0.090691	-0.051341	58.044	-30.813
-842.979566	67.685292	-265.403222	0.027066	-0.118258	-0.044236	83.044	-38.813
-842.966941	67.534457	-265.443954	0.012625	-0.150835	-0.040732	96.543	-43.971
-842.969085	67.362188	-265.485821	-0.002144	-0.172269	-0.041867	112.599	-35.971
-842.987363	67.179002	-265.529937	-0.018278	-0.183186	-0.044116	112.599	-27.971
-843.024320	66.993262	-265.568378	-0.036957	-0.185740	-0.038441	87.599	-19.971
-843.077356	66.810031	-265.592206	-0.053036	-0.183231	-0.023828	62.599	-11.971
-843.139046	66.630938	-265.594692	-0.061690	-0.179094	-0.002486	37.599	-3.971
-843.199201	66.454979	-265.573689	-0.060155	-0.175958	0.021003	12.599	4.029
