-985.5	73.5	-65.5
-984.5	73.5	-66.5
-983.5	73.5	-67.5
-982.5	73.5	-68.5
-981.5	73.5	-69.5
-980.5	73.5	-70.5
-980.5	73.5	-71.5
-979.5	73.5	-72.5
-979.5	73.5	-73.5
-979.5	73.5	-74.5
-978.5	73.5	-75.5
-978.5	73.5	-76.5
-978.5	73.5	-77.5
-978.5	73.5	-78.5
-977.5	73.5	-79.5
-977.5	73.5	-80.5
-977.5	73.5	-81.5
-976.5	73.5	-82.5
-976.5	73.5	-83.5
-976.5	73.5	-84.5
-976.5	73.5	-85.5
-975.5	73.5	-86.5
-975.5	73.5	-87.5
-975.5	73.5	-88.5
-974.5	73.5	-89.5
-974.5	73.5	-90.5
-974.5	73.5	-91.5
-974.5	73.5	-92.5
-973.5	73.5	-93.5
-973.5	73.5	-94.5
-972.5	73.5	-95.5
-971.5	73.5	-96.5
-970.5	73.5	-97.5
-969.5	73.5	-98.5
-968.5	73.5	-99.5
-967.5	73.5	-100.5
-967.5	73.5	-101.5
-967.5	73.5	-102.5
-966.5	73.5	-103.5
-966.5	73.5	-104.5
-965.5	73.5	-105.5
-964.5	73.5	-106.5
-963.5	73.5	-107.5
-962.5	72.5	-108.5
-961.5	72.5	-109.5
-960.5	72.5	-110.5
-959.5	71.5	-111.5
-958.5	71.5	-112.5
-957.5	71.5	-113.5
-956.5	70.5	-114.5
-955.5	70.5	-115.5
-954.5	70.5	-116.5
-954.5	70.5	-117.5
-954.5	70.5	-118.5
-953.5	69.5	-119.5
-953.5	69.5	-120.5
-952.5	69.5	-121.5
-951.5	69.5	-122.5
-950.5	69.5	-123.5
-949.5	69.5	-124.5
-948.5	69.5	-125.5
-947.5	69.5	-126.5
-946.5	69.5	-127.5
-945.5	69.5	-128.5
-944.5	69.5	-129.5
-943.5	69.5	-130.5
-942.5	69.5	-131.5
-941.5	69.5	-132.5
-941.5	69.5	-133.5
-941.5	69.5	-134.5
-940.5	69.5	-135.5
-940.5	69.5	-136.5
-939.5	69.5	-137.5
-938.5	69.5	-138.5
-937.5	69.5	-139.5
-936.5	69.5	-140.5
-935.5	69.5	-141.5
-934.5	69.5	-142.5
-933.5	69.5	-143.5
-932.5	69.5	-144.5
-931.5	69.5	-145.5
-930.5	69.5	-146.5
-929.5	69.5	-147.5
-928.5	69.5	-148.5
-927.5	69.5	-149.5
-926.5	69.5	-150.5
-925.5	69.5	-151.5
-924.5	69.5	-152.5
-923.5	69.5	-153.5
-922.5	69.5	-154.5
-921.5	69.5	-155.5
-920.5	69.5	-156.5
-919.5	69.5	-157.5
-918.5	69.5	-158.5
-917.5	69.5	-159.5
-916.5	69.5	-160.5
-915.5	69.5	-161.5
-914.5	69.5	-162.5
-913.5	69.5	-163.5
-912.5	69.5	-164.5
-911.5	69.5	-165.5
-910.5	69.5	-166.5
-910.5	69.5	-167.5
-910.5	69.5	-168.5
-909.5	69.5	-169.5
-909.5	69.5	-170.5
-908.5	69.5	-171.5
-907.5	69.5	-172.5
-906.5	69.5	-173.5
-905.5	69.5	-174.5
-904.5	69.5	-175.5
-903.5	69.5	-176.5
-902.5	69.5	-177.5
-901.5	69.5	-178.5
-900.5	69.5	-179.5
-899.5	69.5	-180.5
-898.5	69.5	-181.5
-897.5	69.5	-182.5
-896.5	69.5	-183.5
-895.5	69.5	-184.5
-894.5	69.5	-185.5
-893.5	69.5	-186.5
-892.5	69.5	-187.5
-891.5	69.5	-188.5
-890.5	69.5	-189.5
-889.5	69.5	-190.5
-888.5	69.5	-191.5
-887.5	69.5	-192.5
-886.5	69.5	-193.5
-885.5	69.5	-194.5
-884.5	69.5	-195.5
-883.5	69.5	-196.5
-882.5	69.5	-197.5
-881.5	69.5	-198.5
-880.5	69.5	-199.5
-879.5	69.5	-200.5
-878.5	69.5	-201.5
-877.5	69.5	-202.5
-876.5	69.5	-203.5
-875.5	69.5	-204.5
-874.5	69.5	-205.5
-873.5	69.5	-206.5
-872.5	69.5	-207.5
-872.5	69.5	-208.5
-872.5	69.5	-209.5
-872.5	69.5	-210.5
-872.5	69.5	-211.5
-872.5	69.5	-212.5
-872.5	69.5	-213.5
-872.5	69.5	-214.5
-871.5	69.5	-215.5
-871.5	69.5	-216.5
-870.5	69.5	-217.5
-870.5	69.5	-218.5
-869.5	69.5	-219.5
-869.5	69.5	-220.5
-869.5	69.5	-221.5
-869.5	69.5	-222.5
-869.5	69.5	-223.5
-869.5	69.5	-224.5
-869.5	69.5	-225.5
-869.5	69.5	-226.5
-869.5	69.5	-227.5
-869.5	69.5	-228.5
-869.5	69.5	-229.5
-870.5	69.5	-230.5
-870.5	69.5	-231.5
-870.5	69.5	-232.5
-870.5	69.5	-233.5
-870.5	69.5	-234.5
-869.5	69.5	-235.5
-869.5	69.5	-236.5
-869.5	69.5	-237.5
-868.5	69.5	-238.5
-867.5	70.5	-239.5
-866.5	70.5	-239.5
-865.5	70.5	-240.5
-864.5	70.5	-241.5
-863.5	70.5	-242.5
-862.5	70.5	-243.5
-861.5	70.5	-244.5
-860.5	70.5	-245.5
-859.5	70.5	-246.5
-858.5	70.5	-247.5
-857.5	70.5	-248.5
-856.5	70.5	-249.5
-855.5	70.5	-250.5
-854.5	70.5	-251.5
-853.5	70.5	-252.5
-852.5	69.5	-253.5
-851.5	68.5	-254.5
-851.5	68.5	-255.5
-850.5	68.5	-256.5
-849.5	68.5	-257.5
-848.5	68.5	-257.5
-847.5	68.5	-258.5
-847.5	68.5	-259.5
-846.5	68.5	-260.5
-845.5	67.5	-261.5
-844.5	67.5	-262.5
-843.5	66.5	-263.5
-843.5	66.5	-264.5
-842.5	66.5	-265.5
