462	-984.5	63	-48.5	0	-0.0784000015258789	0	-136.21645	0	0	none	0		0	false
463	-984.5	63	-48.5	0	-0.0784000015258789	0	-136.21645	0	0	none	0		0	false
464	-984.5	63	-48.5	0	-0.0784000015258789	0	-136.21645	0	0	launch-macro	0		0	false
465	-984.5	63	-48.5	0	-0.0784000015258789	0	-136.21645	0	0	launch-macro	0		0	false
466	-984.5	63	-48.5	0	-0.0784000015258789	0	-136.21645	0	0	launch-macro	0		0	false
467	-984.5	63.41999998688698	-48.5	0	0.33319999363422365	0	-136.21645	0	0	launch-macro	0		0	false
468	-984.5	63.7531999805212	-48.5	0	0.24813599859094576	0	-136.21645	0	0	launch-macro	0		0	false
469	-984.5	64.00133597911214	-48.5	0	0.16477328182606651	0	-136.21645	0	0	launch-macro	0		0	false
470	-984.5	64.14321379806302	-48.5	0	0.1418778189508764	0	-136.21645	0	0	launch-macro	0		0	false
471	-984.5	64.26265406295951	-48.5	0	0.11944026489649377	0	-136.21645	0	0	launch-macro	0		0	false
472	-984.5	64.36010552445475	-48.5	0	0.09745146149523642	0	-183.36646	-35	0	launch-macro	0		0	false
473	-984.5	64.41666335019318	-48.5	-0.04082936644554138	0.5157818096549456	-0.6950603246688842	-168.36646	-27	35	flight-session	0	+15:PULL_UP:glide	0	false
474	-984.5247498965253	64.9300598529406	-49.175778376847326	0.140353537053347	0.642575652010388	-1.079655086889774	176.58105	-19	34	flight-session	0	+0:PULL_UP:glide	0	false
475	-984.4053750811621	65.5784044019793	-50.23273666816225	0.011712239676970548	0.6008401406301477	-1.3307326303834133	-169.10095	-27	33	flight-session	0	+15:AIM_PULL:glide	0	false
476	-984.3740906974699	66.21129204013951	-51.52664564580808	0.15890009068340685	0.702321219716779	-1.3906075180263306	175.39331	-19	32	flight-session	0	+0:PULL_UP:glide	0	false
477	-984.2423400422025	66.93088187751772	-52.887610672909304	0.0012979764956855266	0.6364627847999095	-1.4815705754793618	174.30551	-27	31	flight-session	0	+0:AIM_PULL:glide	0	false
478	-984.2545193499728	67.60726645445702	-54.32978837936124	-0.08125988028031672	0.7240696891063245	-1.474675005421899	-171.36221	-19	30	flight-session	0	+15:LEVEL:glide	0	false
479	-984.3075289177909	68.35132411258685	-55.77134007595809	0.0942398803129362	0.6486966951757217	-1.5153405216029843	-156.98805	-11	29	flight-session	0	+30:LEVEL:glide	0	false
480	-984.16882745131	69.00163719770208	-57.25035080771626	0.3955863315662202	0.4873050770641752	-1.507458648473765	-174.1663	-19	28	flight-session	0	+15:AIM:glide	0	false
481	-983.8025151424611	69.51699670791001	-58.72900306767615	0.2648445953880686	0.5343476212147634	-1.5388504998158012	165.92604	-11	27	flight-session	0	+0:LEVEL:glide	0	false
482	-983.6015605960989	70.05628160437877	-60.23976407458872	-0.10249214155974098	0.43179098274093997	-1.5646921347781921	175.15529	-3	26	flight-session	0	+15:LEVEL:glide	0	false
483	-983.7057453936848	70.46996746118388	-61.78567294791736	-0.1237846591476951	0.25131764190687494	-1.6187528247878338	-177.93794	0	25	flight-session	2	+0:LEVEL:glide	0	false
484	-983.8102448993243	70.69665875466465	-63.388601710277165	-0.021615122162054037	0.11334564674038566	-1.650912144146056	-159.29228	0	24	flight-session	4	+0:LEVEL:glide	0	false
485	-983.7717023589553	70.78813749025066	-65.01245749721915	0.3198529504227743	0.04573936779300243	-1.6070069071762405	-149.19638	0	23	flight-session	5	+0:LEVEL:glide	0	false
486	-983.4036388947227	70.81336207117874	-66.5836280900613	0.6193403256278986	0.01261229046404093	-1.5156581583309443	-124.19638	-8	22	flight-session	6	+30:AIM:glide	0	false
487	-982.7238314721542	70.8343819805814	-68.02103487076714	1.036116134131984	0.12877839312997025	-1.1917591077019738	-149.19638	-16	21	flight-session	7	-15:AIM:glide	0	false
488	-981.7285292515628	70.99110627547782	-69.20385207240572	0.9160932701868281	0.3125981971003069	-1.2931941086174847	-127.179474	-23.58799	20	flight-session	9	+30:AIM:glide	0	false
489	-980.8052898985845	71.34798595815926	-70.43724012498738	1.0822588665669008	0.5185685834991335	-1.0874048134679166	-144.1813	-15.58799	19	flight-session	11	+15:LEVEL:glide	0	false
490	-979.7607032675483	71.88403909056267	-71.51736250360972	1.0014579903962555	0.4963813167753386	-1.203928227799552	-168.10033	-7.58799	18	flight-session	12	+0:LEVEL:glide	0	false
491	-978.837945524703	72.37580047426648	-72.73455320671971	0.6351692085680019	0.358093623216686	-1.433026675560121	-153.81345	0	17	flight-session	14	+15:LEVEL:glide	0	false
492	-978.2035173656164	72.70713223146745	-74.15062761828504	0.6923796523057558	0.16566587860048818	-1.470763083544505	-158.67735	0	16	flight-session	15	+15:LEVEL:glide	0	false
493	-977.5280839218063	72.84988479527429	-75.61099255247682	0.6468183556325944	0.07137628190341729	-1.521988133780993	-156.51208	0	15	flight-session	17	+15:LEVEL:glide	0	false
494	-976.8865152962471	72.90023355251957	-77.11723716419493	0.6595682311007128	0.025174378622636873	-1.5326897919068048	-161.53462	-5.358368	14	flight-session	18	+15:AIM:glide	0	false
495	-976.2482703532289	72.92432856578283	-78.63428134718593	0.6382449430181787	0.024095013263267573	-1.5170441829909962	-152.0998	0	0	flight-session	20	+30:LEVEL:fire	0	false
496	-975.6033373629646	72.92834167885894	-80.12995960022744	0.720275964832042	0.0020065565380542	-1.4990032886797149	-149.0706	0	35	flight-session	21	+30:LEVEL:glide	0	false
497	-974.876025031312	72.91070167851562	-81.60832819489461	0.8005735930084571	-0.008820000171661378	-1.468295506845341	-155.17348	0	34	flight-session	23	+30:LEVEL:glide	0	false
498	-974.0921130609985	72.88528243786949	-83.06917024288855	0.748882131306384	-0.012709620323066712	-1.501850714715615	-153.62923	0	33	flight-session	24	+30:LEVEL:glide	0	false
499	-973.3497626132504	72.85643255218305	-84.55878137293999	0.7487520712485053	-0.014424942843221343	-1.5063406880163324	-160.95708	0	32	flight-session	25	+30:LEVEL:glide	0	false
500	-972.6272821395625	72.82606975200439	-86.06124953575181	0.6386014897479094	-0.015181400089332267	-1.5547082632963969	178.78285	0	31	flight-session	27	+15:LEVEL:glide	0	false
501	-972.0618961906388	72.79503975652166	-87.61598539602801	0.2646029542485382	-0.015514997741359908	-1.6271754071354716	-178.73433	0	30	flight-session	28	+15:LEVEL:glide	0	false
502	-971.8224506696135	72.76371552790413	-89.23212865904804	0.13854604162942596	-0.01566211430876739	-1.6578632000277036	173.83037	0	29	flight-session	30	+0:LEVEL:glide	0	false
503	-971.7170620543385	72.7322615424716	-90.87618904470429	-0.03872634209958778	-0.015726992716256806	-1.6670995774030104	-161.16963	-8	28	flight-session	32	+15:AIM_PULL:glide	0	false
504	-971.6999105898419	72.72876010056878	-92.51305021438264	0.2802584431938719	0.11651771747722528	-1.6150998892100576	-159.8241	-6.894479	27	flight-session	33	+0:AIM:glide	0	false
505	-971.3966452983678	72.84718172476848	-94.09784778771505	0.44268438668144483	0.1612375920495148	-1.5844612182400748	-151.7997	0	26	flight-session	34	+0:LEVEL:glide	0	false
506	-970.9252449151389	72.98559456767089	-95.65313711140735	0.6373932302568834	0.0692064214512089	-1.5267392523908467	-134.63712	0	25	flight-session	36	+15:LEVEL:glide	0	false
507	-970.2407686120331	73.0338168616316	-97.12853282798574	0.9471272881057352	0.024111146980361358	-1.334865454510163	-137.96724	0	24	flight-session	37	+15:LEVEL:glide	0	false
508	-969.2883833508523	73.03784578575078	-98.43825129295564	1.0453249765052524	0.002014462059584018	-1.2861977871056969	-140.29773	-3.9622283	23	flight-session	39	+15:AIM:glide	0	false
509	-968.2536345518911	73.03430365021671	-99.70873606106565	1.0590790571544404	0.056938410238735734	-1.2876224362639062	-139.56981	-4.153657	22	flight-session	40	+15:AIM:glide	0	false
510	-967.2057335779161	73.08533984062198	-100.97836224555905	1.073798462360764	0.08707267054159723	-1.2800791155249416	-138.89404	0	21	flight-session	41	+15:LEVEL:glide	0	false
511	-966.140218222351	73.15107105903206	-102.24354012469138	1.0916477999577703	0.03286560920503747	-1.273012097377327	-149.80772	5.13974	20	flight-session	43	+0:AIM:glide	0	false
512	-965.0840584604547	73.16320745722703	-103.52128746144858	0.9538779901219174	-0.07002549807789826	-1.370587890213734	-164.05858	-2.86026	19	flight-session	44	-15:AIM_PULL:glide	0	false
513	-964.1873470210618	73.09408965111517	-104.90628914372031	0.6815953868140346	0.007799764161263448	-1.5087717230271214	-139.05858	5.0673876	18	flight-session	45	+15:AIM:glide	0	false
514	-963.4718980634028	73.08290649012662	-106.37525104989471	0.912595430005166	-0.08063006795846275	-1.3740022419589657	-142.2228	1.7195034	17	flight-session	46	+0:AIM_PULL:glide	0	false
515	-962.5532394254961	72.99409423566378	-107.7356317573891	0.9798546731002807	-0.06990952272922088	-1.351683481689276	-154.61086	1.4336891	16	flight-session	47	-15:AIM_PULL:glide	0	false
516	-961.6058886298197	72.91475538910056	-109.09653246780657	0.8380150475155141	-0.060855338453706	-1.4481141946681553	-167.00287	1.2235641	15	flight-session	48	-30:AIM_PULL:glide	0	false
517	-960.8203295279455	72.8434132346366	-110.55521219494496	0.5839781599613533	-0.05376109744525448	-1.5573590563840245	-162.39844	0	14	flight-session	49	-30:LEVEL:glide	0	false
518	-960.2482131166445	72.7783559454237	-112.10603251658017	0.5431516754491226	-0.032528644606453806	-1.5855971638340787	-155.55673	0	13	flight-session	50	-30:LEVEL:glide	0	false
519	-959.6936648025312	72.73202567997909	-113.6741154689067	0.6290151014421602	-0.0231651327223031	-1.5578491299480168	-148.55072	0	12	flight-session	51	-30:LEVEL:glide	0	false
520	-959.0444153525026	72.69395403217703	-115.20732486122664	0.7681646901670406	-0.019035823901024974	-1.4917062594944286	-155.92535	0	11	flight-session	53	-30:LEVEL:glide	0	false
521	-958.2907961717798	72.65952443482624	-116.69126896088846	0.7536191807227703	-0.034429597350798355	-1.4839440996618205	-130.92535	8	0	flight-session	54	+0:AIM_PULL:fire	0	false
522	-957.4911549367885	72.61038699052952	-118.12457879547937	1.0358149862872459	-0.14283716057700094	-1.2680384156064926	-124.069725	15.303463	35	flight-session	56	+0:AIM_PULL:glide	0	false
523	-956.4225009945899	72.4619380522335	-119.35295988616842	1.213488695547477	-0.29849454023727695	-1.0734750416519026	-122.591484	7.303463	34	flight-session	57	+0:LEVEL:glide	0	false
524	-955.1825487763514	72.17966469088863	-120.41090528026088	1.3303275732715922	-0.24914770884302573	-0.9831031499175513	-138.413	0	33	flight-session	58	-15:LEVEL:glide	0	false
525	-953.8726066861956	71.94227640706886	-121.42726886288831	1.2191834656606557	-0.11869414190988767	-1.143921016462874	-113.412994	8	32	flight-session	60	+15:AIM:glide	0	false
526	-952.6232167904473	71.81865768401198	-122.51712116306135	1.3971290006991364	-0.18007779995707762	-0.8793781741887301	-127.86212	0	31	flight-session	61	+0:LEVEL:glide	0	false
527	-951.2352654571727	71.64218906101527	-123.4118899030793	1.3650716398905445	-0.08823431149835276	-0.9690453565516766	-130.80511	8	30	flight-session	62	+0:AIM:glide	0	false
528	-949.8862992789269	71.54549372705092	-124.38985498505662	1.3116390302515915	-0.16661610541081656	-1.0390233433482416	-133.13841	16	29	flight-session	63	+0:AIM:glide	0	false
529	-948.5852613324422	71.37545425313317	-125.43965614560202	1.24675744331989	-0.31925578661098014	-1.08358931325438	-134.82474	8	28	flight-session	64	+0:AIM_PULL:glide	0	false
530	-947.3373152052753	71.07455945452472	-126.54138089326584	1.220990593190263	-0.2687158377328695	-1.1442278434068383	-120.70946	0.80562305	27	flight-session	66	+15:AIM_PULL:glide	0	false
531	-946.0848643571171	70.8198960250407	-127.65861585231636	1.3569768789092813	-0.13922926503245603	-0.9926229962927591	-145.70946	8.805623	26	flight-session	67	-15:AIM:glide	0	false
532	-944.7741407014717	70.67784675493785	-128.69210142500785	1.1286384906492888	-0.2011438395726114	-1.2107011701443486	-165.58833	0.80562305	25	flight-session	69	-15:LEVEL:glide	0	false
533	-943.7228296641454	70.482783138121	-129.94862190856836	0.7372232513549248	-0.10942935869887388	-1.4514233458375725	-149.86287	8.704603	24	flight-session	70	+0:AIM:glide	0	false
534	-942.9793203438602	70.3671207698906	-131.39106167641435	0.7936525572668965	-0.18642007141926548	-1.447833360795447	-150.3365	0.7046032	23	flight-session	72	+0:LEVEL:glide	0	false
535	-942.1821642821454	70.18504720127784	-132.83908967353014	0.8192812720864286	-0.10146759192666935	-1.4625260556238524	-146.95782	-6.207615	22	flight-session	73	+0:AIM_PULL:glide	0	false
536	-941.3593386005099	70.09989104907872	-134.28491506055067	0.87221669826351	0.04932867522020791	-1.431219158063143	-128.49731	-6.7172003	21	flight-session	74	+15:AIM_PULL:glide	0	false
537	-940.4577937189326	70.15240407192977	-135.6590695637748	1.1114575806830886	0.12561296566381863	-1.2125364130128602	-125.73164	-6.0435243	20	flight-session	75	+15:AIM_PULL:glide	0	false
538	-939.3402992731828	70.27697269488904	-136.83092445801162	1.2449390260918494	0.15176023823649215	-1.0795065218588225	-150.73164	-4.6764545	19	flight-session	76	-15:AIM_PULL:glide	0	false
539	-938.1536322710551	70.42255243691184	-137.93088892652045	1.0075743277302187	0.1420632698279897	-1.2889643007665295	-140.11737	3.3235455	18	flight-session	78	+0:AIM:glide	0	false
540	-937.1520197486893	70.54197681581036	-139.2036381221864	1.0449608753930568	0.01043672805119275	-1.287502591893489	-153.7058	-3.5918417	17	flight-session	79	-15:AIM_PULL:glide	0	false
541	-936.1494880943739	70.54634423565803	-140.49544138361108	0.87708020243907	0.05536370563945033	-1.4064453615673291	-137.10635	4.4081583	16	flight-session	80	+0:AIM:glide	0	false
542	-935.2563155279653	70.58065330019944	-141.86879771854544	1.0234473130676303	-0.04813825714381766	-1.3075389616537727	-162.10635	-2.7542543	15	flight-session	81	-30:AIM_PULL:glide	0	false
543	-934.2929161645746	70.53041847643074	-143.19331728766568	0.742604169662799	0.01569474781782612	-1.4701933058308663	-161.94133	-2.9145117	14	flight-session	82	-30:AIM_PULL:glide	0	false
544	-933.5815017265752	70.53697737497876	-144.655829316317	0.618898145611129	0.046452010651295936	-1.5383245500111986	-136.94133	-2.7563896	13	flight-session	83	+0:AIM_PULL:glide	0	false
545	-932.9199182371301	70.57275128967441	-146.14434133515832	0.9104789109365586	0.058699117050005176	-1.3645708995669097	-136.76309	0	12	flight-session	84	-15:LEVEL:glide	0	false
546	-931.997421856409	70.61067642512154	-147.47847883493571	1.0435693245701732	0.018962567723566075	-1.2862634601433696	-133.79431	0	11	flight-session	85	-15:LEVEL:glide	0	false
547	-930.9491644272179	70.60976140983591	-148.73808302820183	1.0482574291911355	-0.0009150152856234278	-1.2596041932661106	-131.87823	8	0	flight-session	86	-15:AIM:fire	0	false
548	-929.892988751329	70.59105622446022	-149.96991614734984	1.1548498168091255	-0.12762103111648726	-1.1777723972767558	-130.1333	0	35	flight-session	87	-15:AIM_PULL:glide	0	false
549	-928.7291106247224	70.46085447248139	-151.1330466385338	1.2318062850163685	-0.06510087598941236	-1.129445382558689	-118.39207	-4.272282	34	flight-session	89	+0:AIM_PULL:glide	0	false
550	-927.4832569339208	70.4010577013613	-152.2195378178876	1.3686288259916304	0.03336291886317027	-0.9462545990381732	-103.734795	3.7277179	33	flight-session	90	+15:AIM:glide	0	false
551	-926.1037921690883	70.41390481695902	-153.1017558708878	1.5136895425315142	-0.04878961381733257	-0.6424695949042927	-128.7348	-4.0613337	32	flight-session	91	-15:AIM_PULL:glide	0	false
552	-924.6265605462671	70.36753529430916	-153.7772906386607	1.4000138943821312	0.036987992828679775	-0.8682596032153276	-110.985695	-4.202999	31	flight-session	92	+15:AIM_PULL:glide	0	false
553	-923.2308890725476	70.3990104782447	-154.6077734510043	1.4893255644926742	0.0780236533888054	-0.7188105367713029	-129.44502	3.797001	30	flight-session	93	+0:AIM:glide	0	false
554	-921.7774638601479	70.45561580347233	-155.35224075500224	1.3817107179246715	-0.02796763127761545	-0.911039014581171	-134.11801	9.111819	29	flight-session	94	+0:AIM:glide	0	false
555	-920.4256419831994	70.41185961307845	-156.28102377692096	1.2784636563984	-0.1564247461430763	-1.0486238919455684	-136.65627	1.1118193	28	flight-session	96	+0:AIM_PULL:glide	0	false
556	-919.1633803309254	70.25622654897295	-157.34581925799412	1.2144694950794208	-0.09427703503861529	-1.1504147673186227	-122.86195	-5.790751	27	flight-session	97	+15:AIM_PULL:glide	0	false
557	-917.9387160470778	70.17594942649416	-158.46293201120724	1.3226810728787282	0.045608669931137255	-1.0174004512134496	-123.61316	-6.250746	26	flight-session	98	+15:AIM_PULL:glide	0	false
558	-916.6280154104442	70.22312166717037	-159.45730598832859	1.3590202716631112	0.116059959561492	-0.9649285643978068	-148.61316	1.7492542	25	flight-session	99	-15:AIM:glide	0	false
559	-915.3311875959648	70.31720563915813	-160.45791754523887	1.0909136402108395	0.02113131251712419	-1.2255799538606427	-123.61316	0	24	flight-session	100	+30:LEVEL:glide	0	false
560	-914.2239065130226	70.3183143254465	-161.63983026352903	1.2615195542942022	0.0005543431441798898	-1.0614957501858813	-127.54033	7.6124835	23	flight-session	101	+15:AIM:glide	0	false
561	-912.9690091940394	70.29970942939069	-162.68619962986688	1.2955019080162982	-0.12183848872142217	-1.0365466616998018	-141.99	0	22	flight-session	103	+15:LEVEL:glide	0	false
562	-911.7057799376367	70.17460787990358	-163.74913210982513	1.155075299506942	-0.06255077474355668	-1.2011594298385186	-144.01538	-5.749575	21	flight-session	104	+15:AIM_PULL:glide	0	false
563	-910.5788545465729	70.12211311716489	-164.95398159930903	1.0603945583630734	0.05885120560718243	-1.2867515067029305	-162.38142	-6.8243327	20	flight-session	106	+0:AIM_PULL:glide	0	false
564	-909.586207049821	70.18420362550123	-166.25107389254615	0.7518251289387021	0.13202021255816887	-1.452913432585425	-137.38142	1.1756673	19	flight-session	107	+30:AIM:glide	0	false
565	-908.8066627663858	70.29395868225518	-167.66479331226478	0.9652298815476383	0.03743930777172455	-1.3321950932745392	-128.43106	7.2116404	18	flight-session	108	+30:AIM:glide	0	false
566	-907.8190586973536	70.31012257584054	-168.95301062904488	1.1544025149533386	-0.09855478378884246	-1.168260892586718	-142.3114	0	17	flight-session	109	+15:LEVEL:glide	0	false
567	-906.6846207584167	70.20555725450365	-170.1309611071542	1.0868831378262809	-0.0522826606684434	-1.2616186412734756	-138.43422	0	16	flight-session	111	+15:LEVEL:glide	0	false
568	-905.6025527329144	70.14180394655327	-171.38322582021354	1.1050025877518912	-0.03187665397519059	-1.2620879167370367	-153.10495	5.3459516	15	flight-session	112	+0:AIM:glide	0	false
569	-904.540765949113	70.09554479155068	-172.6599736156852	0.9137911190921439	-0.10230704986917816	-1.3931058151171165	-152.49506	-2.6540484	14	flight-session	113	+0:AIM_PULL:glide	0	false
570	-903.646633836607	69.99720505520342	-174.0547384412328	0.8392582620397467	-0.009822944680780168	-1.4504632427517798	-134.97783	-7.4796653	13	flight-session	114	+15:AIM_PULL:glide	0	false
571	-902.785075324814	69.99730436271128	-175.4607715632334	1.0269886955317638	0.11064679782121276	-1.2986546632933236	-159.97783	0	12	flight-session	115	-15:LEVEL:glide	0	false
572	-901.8139070462415	70.08613822630501	-176.7718760998096	0.7766160706269215	0.04441693179686948	-1.4541763397669272	-158.01624	4.6729074	11	flight-session	117	-15:AIM:glide	0	false
573	-901.06083210262	70.1096765696295	-178.2188824390369	0.693747414449616	-0.05742300651260856	-1.509054118591116	-133.01624	4.993379	10	flight-session	118	+15:AIM:glide	0	false
574	-900.3174356679021	70.04093073028318	-179.68031039953226	0.9908739792970436	-0.10835607709928044	-1.3083365905782627	-150.0134	-3.006621	9	flight-session	119	-15:AIM_PULL:glide	0	false
575	-899.3491832593664	69.93833210099555	-180.9940036204473	0.9083753138936767	-0.006743222172930954	-1.3920473732062448	-132.8991	3.788464	8	flight-session	120	+0:AIM:glide	0	false
576	-898.4175118637093	69.91450199515171	-182.34795892248258	1.0871782554972997	-0.0680227155400843	-1.254286347526042	-130.17566	0	7	flight-session	121	+0:LEVEL:glide	0	false
577	-897.3172775495165	69.83686595853435	-183.5765915193095	1.1996165078825793	-0.0388180183086822	-1.162632449317154	-144.16093	3.1035948	6	flight-session	122	-15:AIM:glide	0	false
578	-896.1485060366937	69.78481639407089	-184.75081173289064	1.1687715128227498	-0.05204956446345933	-1.174220213581163	-145.05667	0	0	flight-session	124	-15:LEVEL:fire	0	false
579	-895.0094994223674	69.7212686769773	-185.9367459693027	1.0564051775330376	-0.03177385854679194	-1.2896927161836766	-144.63332	-8	35	flight-session	125	-15:AIM_PULL:glide	0	false
580	-893.9748123067508	69.70357599907757	-187.21747464281358	1.0045829007362217	0.10942209947877433	-1.3267252562310006	-158.03334	-10.322392	34	flight-session	126	-30:AIM_PULL:glide	0	false
581	-893.0220750716766	69.82672441909818	-188.54252097265976	0.7891815374518538	0.2138721657617267	-1.4380416895698513	-140.62785	-2.3223925	33	flight-session	127	-15:AIM:glide	0	false
582	-892.2173919170847	70.0249453707852	-189.9475215204009	0.9411325006529294	0.13349102466341006	-1.3590188613406282	-136.85458	-7.5406876	32	flight-session	128	-15:AIM_PULL:glide	0	false
583	-891.2722049240904	70.16235152398497	-191.27216872399646	1.0488754880981324	0.18018895497803605	-1.2771014797246	-134.21402	-6.280742	31	flight-session	129	-15:AIM_PULL:glide	0	false
584	-890.2249992298553	70.34130464010461	-192.5196552766437	1.1292229124490059	0.1824364355359186	-1.212867818798376	-132.50078	1.7192578	30	flight-session	130	-15:AIM:glide	0	false
585	-889.0979056279873	70.50043942223823	-193.71115862558284	1.1899460765944976	0.054145450531503714	-1.1697531804405221	-146.48221	9.088295	29	flight-session	131	-30:AIM:glide	0	false
586	-887.9464409365287	70.53243489223847	-194.89113047420759	1.039228130727262	-0.11822704788399814	-1.2897397571294573	-145.59464	9.701512	28	flight-session	132	-30:AIM:glide	0	false
587	-886.9209801752744	70.40862642073462	-196.18556715102514	0.9861962732996845	-0.2051337754443297	-1.3384602226403484	-147.30225	7.1670294	27	flight-session	134	-30:AIM:glide	0	false
588	-885.9426453710611	70.20888984271554	-197.53332620581975	0.9447976598323926	-0.20585820563218163	-1.383574690766481	-129.72485	0	26	flight-session	135	-15:LEVEL:glide	0	false
589	-884.9577758156702	70.00968290147084	-198.8849465698368	1.146224706250937	-0.09960347062234862	-1.219003295812391	-142.04532	-7.8159804	25	flight-session	136	-30:AIM_PULL:glide	0	false
590	-883.8330918870731	69.93152195991925	-200.10362282638252	1.0803023040831645	0.07644355225043711	-1.2733054307144516	-140.72614	0.18401957	24	flight-session	137	-30:AIM:glide	0	false
591	-882.7658891302904	69.98683603566244	-201.3661082140793	1.0716982563239141	0.02496778224891149	-1.2892279012868644	-138.80664	4.206427	23	flight-session	138	-30:AIM:glide	0	false
592	-881.7016838680148	69.99138810467736	-202.63969349606705	1.0904693440656081	-0.06001002691357938	-1.2746382704475276	-121.69756	0	22	flight-session	139	-15:LEVEL:glide	0	false
593	-880.5827114665582	69.92081925956612	-203.8663944067923	1.2827102594755886	-0.035284422555620074	-1.0599452539275303	-120.032936	-8	21	flight-session	140	-15:AIM_PULL:glide	0	false
594	-879.3000714697307	69.89996874372645	-204.89158878976667	1.3700426154438632	0.10784318050880723	-0.9338534043773344	-120.49917	0	20	flight-session	141	-15:LEVEL:glide	0	false
595	-877.93792764098	69.98605506230055	-205.80695776676518	1.4134714167719726	0.04304315928705339	-0.8890671326757424	-116.34614	-7.4204884	19	flight-session	143	+0:AIM_PULL:glide	0	false
596	-876.5372646118578	70.0346917859868	-206.66907038094624	1.4556668902276833	0.13402664493967625	-0.8051082609426987	-140.1141	0	18	flight-session	146	+0:LEVEL:glide	0	false
597	-875.134647643109	70.14643790020256	-207.51277800400848	1.2464422807086664	0.05587305710788419	-1.0740264455366713	-156.24834	-6.3560963	17	flight-session	148	+0:AIM_PULL:glide	0	false
598	-873.9610728746035	70.20372012106438	-208.6128853336779	0.9270473967005938	0.12273495472546037	-1.3232639400078896	-151.06186	-5.3823524	16	flight-session	149	+15:AIM_PULL:glide	0	false
599	-873.0602767016328	70.32287795674065	-209.92716523539406	0.8599383880466916	0.13924320741693674	-1.3976920931205428	-151.64615	-5.055083	15	flight-session	151	+15:AIM_PULL:glide	0	false
600	-872.2193573571825	70.4574132841902	-211.3109456408892	0.8225894087678685	0.1421437985674074	-1.4369895863401718	-149.47438	-3.522479	14	flight-session	152	+15:AIM_PULL:glide	0	false
601	-871.4049983362098	70.58964846718452	-212.72937630734694	0.8381657092692423	0.11832155575291282	-1.4399801126773726	-149.2854	-3.193616	13	flight-session	154	+15:AIM_PULL:glide	0	false
602	-870.5756238391482	70.69745706166636	-214.15136218586642	0.8481996530918279	0.10122709091836789	-1.4405954877397766	-155.38393	-1.4652653	12	flight-session	155	+15:AIM_PULL:glide	0	false
603	-869.7515614684809	70.78236856442243	-215.584008905017	0.7660284739779853	0.0641304675712665	-1.4887951063776155	-162.56512	0.21968937	11	flight-session	156	+15:AIM_PULL:glide	0	false
604	-869.0193646633481	70.8256155590178	-217.0686664082133	0.6207810030645642	0.018445288266219627	-1.5532705967767544	-169.27396	-0.3849039	10	flight-session	158	+15:AIM_PULL:glide	0	false
605	-868.4354710892811	70.82565008133352	-218.61507937682012	0.4501700561682759	0.005721709413570557	-1.6083303838824599	-175.25342	0.4983673	9	flight-session	159	+15:AIM_PULL:glide	0	false
606	-868.0205677338652	70.81305251918323	-220.21414585931663	0.27785949298554113	-0.013633035896911137	-1.6465803943635342	-178.24405	-0.5064955	8	flight-session	161	+15:AIM_PULL:glide	0	false
607	-867.7678480557145	70.78523134678049	-221.84895816116025	0.15243238544940585	-0.006413352583322027	-1.6669723661985305	177.95871	0.26781654	7	flight-session	162	+15:AIM_PULL:glide	0	false
608	-867.638023835164	70.76193355655482	-223.5021959677962	0.034603565453230595	-0.015560532278418557	-1.6760693514733762	177.75342	-0.6383343	6	flight-session	164	+15:AIM_PULL:glide	0	false
609	-867.6137964941893	70.73290083881201	-225.1639147470528	-0.021206219080443685	-0.005063397113622265	-1.6801525768889136	166.59175	-0.5124121	5	flight-session	165	+15:AIM_PULL:glide	0	false
610	-867.6716611049189	70.71266979475848	-226.82439756750702	-0.05786461072970629	-0.020231044053533636	-1.660482820454225	153.51141	0	0	flight-session	167	+0:LEVEL:fire	0	false
611	-867.7981949243197	70.67718601321265	-228.4543098036814	-0.4424491455969569	-0.017741890772914156	-1.5756931319040333	155.92024	8	35	flight-session	169	+0:AIM:glide	0	false
612	-868.2599182095149	70.64279880262333	-230.00928004046418	-0.5743254151329615	-0.1354620437232959	-1.5459545146249418	169.18373	0	34	flight-session	171	+0:LEVEL:glide	0	false
613	-868.8048967857578	70.5056812773907	-231.5606971350181	-0.4320771906971873	-0.06855876261631491	-1.6105928063816963	173.32478	0	33	flight-session	172	+0:LEVEL:glide	0	false
614	-869.2099980550719	70.42757244724291	-233.16753851152237	-0.3014214686202108	-0.03905441507390083	-1.6476508245274297	-164.88847	0	32	flight-session	174	+0:LEVEL:glide	0	false
615	-869.4339621310968	70.375486452134	-234.80076540323483	0.1096142938819509	-0.026042997554458373	-1.6372199457665844	-145.38417	0	31	flight-session	176	+0:LEVEL:glide	0	false
616	-869.2416785016343	70.33487652750058	-236.39659222432508	0.579027807258247	-0.02030496231670636	-1.4974283121831486	-137.10422	0	30	flight-session	177	+0:LEVEL:glide	0	false
617	-868.6151327379781	70.29932755004536	-237.8498712342936	0.8918434146268625	-0.01777448872760777	-1.3493401604446271	-132.27374	0	29	flight-session	178	+0:LEVEL:glide	0	false
618	-867.6995186841377	70.26601045033917	-239.1621019468527	1.0867939130638775	-0.016658549853096068	-1.2278455974590061	-129.83784	0	28	flight-session	179	+0:LEVEL:glide	0	false
619	-866.604025044614	70.23367760873946	-240.36219534176365	1.2004417990718947	-0.016166420799858222	-1.1445549966870092	-129.0315	0	27	flight-session	180	+0:LEVEL:glide	0	false
620	-865.4043692413416	70.20177882497315	-241.48742488358178	1.260131795321546	-0.015949391883156357	-1.0978705666263044	-129.28877	0	26	flight-session	181	+0:LEVEL:glide	0	false
621	-864.1510503058249	70.17007146071509	-242.5724255104747	1.284544765891223	-0.015853682129028056	-1.0807260804628616	-130.17938	0	25	flight-session	182	+0:LEVEL:glide	0	false
622	-862.8771009992939	70.13844851246182	-243.64463174486752	1.2864214655375708	-0.015811474126635996	-1.084481534092283	-142.17938	0	24	flight-recovery	184		0	true
