-984.5	64.41666335019318	-48.5	-0.04082936644554138	0.5157818096549456	-0.6950603246688842	35	-183.36646	-35	60
-984.5247498965253	64.9300598529406	-49.175778376847326	0.140353537053347	0.642575652010388	-1.079655086889774	34	-168.36646	-27	60
-984.4053750811621	65.5784044019793	-50.23273666816225	0.011712239676970548	0.6008401406301477	-1.3307326303834133	33	176.58105	-19	60
-984.3740906974699	66.21129204013951	-51.52664564580808	0.15890009068340685	0.702321219716779	-1.3906075180263306	32	-169.10095	-27	60
-984.2423400422025	66.93088187751772	-52.887610672909304	0.0012979764956855266	0.6364627847999095	-1.4815705754793618	31	175.39331	-19	60
-984.2545193499728	67.60726645445702	-54.32978837936124	-0.08125988028031672	0.7240696891063245	-1.474675005421899	30	174.30551	-27	60
-984.3075289177909	68.35132411258685	-55.77134007595809	0.0942398803129362	0.6486966951757217	-1.5153405216029843	29	-171.36221	-19	60
-984.16882745131	69.00163719770208	-57.25035080771626	0.3955863315662202	0.4873050770641752	-1.507458648473765	28	-156.98805	-11	60
-983.8025151424611	69.51699670791001	-58.72900306767615	0.2648445953880686	0.5343476212147634	-1.5388504998158012	27	-174.1663	-19	60
-983.6015605960989	70.05628160437877	-60.23976407458872	-0.10249214155974098	0.43179098274093997	-1.5646921347781921	26	165.92604	-11	60
-983.7057453936848	70.46996746118388	-61.78567294791736	-0.1237846591476951	0.25131764190687494	-1.6187528247878338	25	175.15529	-3	60
-983.8102448993243	70.69665875466465	-63.388601710277165	-0.021615122162054037	0.11334564674038566	-1.650912144146056	24	-177.93794	0	60
-983.7717023589553	70.78813749025066	-65.01245749721915	0.3198529504227743	0.04573936779300243	-1.6070069071762405	23	-159.29228	0	60
-983.4036388947227	70.81336207117874	-66.5836280900613	0.6193403256278986	0.01261229046404093	-1.5156581583309443	22	-149.19638	0	60
-982.7238314721542	70.8343819805814	-68.02103487076714	1.036116134131984	0.12877839312997025	-1.1917591077019738	21	-124.19638	-8	60
-981.7285292515628	70.99110627547782	-69.20385207240572	0.9160932701868281	0.3125981971003069	-1.2931941086174847	20	-149.19638	-16	60
-980.8052898985845	71.34798595815926	-70.43724012498738	1.0822588665669008	0.5185685834991335	-1.0874048134679166	19	-127.179474	-23.58799	60
-979.7607032675483	71.88403909056267	-71.51736250360972	1.0014579903962555	0.4963813167753386	-1.203928227799552	18	-144.1813	-15.58799	60
-978.837945524703	72.37580047426648	-72.73455320671971	0.6351692085680019	0.358093623216686	-1.433026675560121	17	-168.10033	-7.58799	60
-978.2035173656164	72.70713223146745	-74.15062761828504	0.6923796523057558	0.16566587860048818	-1.470763083544505	16	-153.81345	0	60
-977.5280839218063	72.84988479527429	-75.61099255247682	0.6468183556325944	0.07137628190341729	-1.521988133780993	15	-158.67735	0	60
-976.8865152962471	72.90023355251957	-77.11723716419493	0.6595682311007128	0.025174378622636873	-1.5326897919068048	14	-156.51208	0	60
-976.2482703532289	72.92432856578283	-78.63428134718593	0.5872035077191494	0.09138725562514975	-1.5612206083412012	13	-161.53462	-5.358368	60
-975.6893039215639	73.01133011198998	-80.18145754925355	0.46863265814760435	0.1143984770939136	-1.5992299894138604	12	-167.0998	-4.7896776	60
-975.185016205451	73.10384062134253	-81.74671300361919	0.6990159910730607	0.046255254676271694	-1.505680491121724	11	-148.28394	0	60
-974.5278313895444	73.14154077528346	-83.24544686955652	0.5098228725309736	0.06853230970800696	-1.5783295898242449	10	-167.67043	-3.3535836	60
-973.9908417510538	73.18910243972299	-84.79357469598493	0.6967840240811686	0.02378083221976358	-1.5082766276478758	9	-149.74504	0	60
-973.2987847122026	73.19280765537047	-86.2857128122329	0.6920570388512142	0.0037052156474819604	-1.4921381162479654	0	-154.34163	0	60
-972.6705159378026	73.17843565529184	-87.77908322668151	0.3743884316582972	-0.007186000039319711	-1.5945468846325226	35	-175.94029	0	59
-972.3570972728188	73.15445760279047	-89.36316018219301	0.05257937806441032	-0.011989026250679304	-1.6356361253034766	34	172.96425	0	59
-972.3140895404092	73.12624328108825	-90.98532908992404	0.0017029244655566295	-0.014107160851113585	-1.6608537809099968	33	178.66605	0	59
-972.2691619016022	73.09616076463207	-92.62647410006541	0.250504554827114	-0.0150412582280852	-1.6394115931529973	32	-164.43948	0	59
-971.9761622804812	73.07793335975825	-94.23521003929793	0.5083379531343599	0.04357828863150681	-1.5716932725747486	31	-154.75777	-3.558673	59
-971.4352861490577	73.11459448845093	-95.76878072797871	0.7377581175010222	0.07500742375496246	-1.474521484829973	30	-146.56458	-3.8274198	59
-970.6735592230759	73.16850176477998	-97.20807007927779	0.9244325539532698	0.026953638164523275	-1.3731220076455053	29	-140.24733	0	59
-969.7320955851053	73.17531633031383	-98.54545006356771	1.081715068530412	0.003407282766931466	-1.2596210083517025	28	-134.04897	0	59
-968.6541326994296	73.16068155342944	-99.78808796521257	1.1240276388217416	-0.007317388442199657	-1.2379395272041132	27	-136.50714	0	59
-967.5729088790779	73.14731193793472	-101.03543324190967	0.9509839111085345	0.03738299509161798	-1.366737661770795	26	-151.0924	-2.9769006	59
-966.6464075468556	73.17588989600281	-102.3939646039796	0.8792834766203473	0.06201860104791852	-1.4189486326045198	25	-150.64949	-3.2198532	59
-965.7823306068306	73.25557513342825	-103.78908266626448	0.8694815356558314	0.2051898089140042	-1.4073318623439952	24	-148.35806	-11.219853	59
-964.9130408061307	73.45795487195984	-105.16914854176173	0.9418258265536597	0.18936905227207945	-1.3664038386179962	23	-143.1356	-5.9577107	59
-964.007195902241	73.63856916741256	-106.53211530456204	0.8061206941322903	0.15129275426262354	-1.4522114777660815	22	-155.38101	-4.1190057	59
-963.2137324352046	73.76696669629398	-107.9722614757281	0.7846204675608263	0.006708818328671595	-1.474219783700287	21	-152.78358	3.8809943	59
-962.4284497512201	73.75440743513106	-109.42834112119546	0.8290256831129651	-0.11170352324339164	-1.4498115487459045	20	-148.84702	7.1286697	59
-961.5871689997451	73.63714396056544	-110.86429861762062	0.9094069833796772	-0.16842082937651587	-1.4046762789590375	19	-144.56195	7.425062	59
-960.7016825855369	73.46637040946669	-112.28126882914175	0.7831370737026978	-0.30020961623998654	-1.4571393759326878	18	-155.55266	14.643726	59
-959.8588159828471	73.17908136060525	-113.70372134105676	1.048458732739507	-0.3474097558016441	-1.247713793579954	17	-130.55266	13.870531	59
-958.7379402923972	72.85409501533434	-114.86739007119989	1.3750316491075547	-0.24937540290238416	-0.808524526299746	16	-105.55266	5.870531	59
-957.3750682612462	72.61367895453179	-115.70561865433643	1.3157153083973883	-0.280436236618558	-0.9618082641558591	15	-130.55266	10.867495	59
-956.1070114984987	72.34848802802676	-116.72445069420408	1.066272717978836	-0.1751169137348248	-1.2400710612708365	14	-149.39723	2.8674946	59
-955.089605848368	72.17639490676325	-117.99551590927813	0.828026594277089	-0.08604656063175962	-1.4232713271195783	13	-157.93594	0	59
-954.2443401388819	72.08286183846563	-119.39851587773427	0.9524262155724241	-0.04676653414881093	-1.3661946183080054	12	-141.44879	0	59
-953.2805490279273	72.02397375420026	-120.7419493926709	0.9637911109545535	-0.05888808426537476	-1.343433514936637	0	-137.60632	0	59
-952.33610435293	71.954394462524	-122.08658974068247	0.8989619854831751	-0.03478964583813213	-1.4074346560509599	35	-149.86485	0	58
-951.3954585693781	71.90606999395423	-123.4379033548352	1.167794567052718	-0.024162234284879573	-1.1614893641585438	34	-124.86485	0	58
-950.2264169141699	71.86600785332936	-124.57943774346825	1.2323120433814805	-0.1382995087410728	-1.10824191896691	33	-129.68481	8	58
-948.9918135913726	71.72115445343927	-125.68018561775582	1.246227446820975	-0.3066627495971474	-1.071992365970123	32	-129.6757	16	58
-947.7356819770004	71.43111760358363	-126.75925711456706	1.2682661956176808	-0.2727211364503968	-1.0839027965499581	31	-130.37766	8.64127	58
-946.4354974226376	71.1729273339343	-127.81230769090102	1.4063326122882212	-0.13854809658244854	-0.914482899847012	30	-117.159836	0.6412697	58
-945.0720268508534	71.03153952799431	-128.7692577737225	1.197284477724639	-0.1983966144925711	-1.1421022367690203	29	-142.15984	8.64127	58
-943.8421834307965	70.83890440036853	-129.87052352746096	1.3711620451353141	-0.10577052557066476	-0.9385904885492583	28	-117.159836	0.6412697	58
-942.4948266390044	70.72649892586371	-130.82943586314832	1.2750881858158796	-0.18390544877499077	-1.0663959288862703	27	-134.30267	8.64127	58
-941.2558289728241	70.54373125108467	-131.92997059414589	1.0898103883565233	-0.2612848805661724	-1.2376105575993037	26	-145.61882	11.532073	58
-940.1697451939527	70.29394434251697	-133.1812335373683	1.0580486223763754	-0.24808255267180407	-1.2905318519842146	25	-142.24416	8.334369	58
-939.1108420316234	70.05749282943968	-134.48029484454625	1.0516827904427644	-0.12311529339717503	-1.320165179603301	24	-142.09543	0.3343687	58
-938.0293154397641	69.93126513820664	-135.76367070735182	1.223586757223826	-0.0631138456165226	-1.1479014295183199	23	-126.55286	0	58
-936.7990996423227	69.85795872494613	-136.8889358179864	1.300976465948978	-0.036653206630258325	-1.0647125339025427	22	-126.20592	0	58
-935.5360583313709	69.80799059572573	-137.9740336108085	1.1463995632756494	-0.0249840646102023	-1.218862192371481	21	-142.71893	0	58
-934.4109816730937	69.7964068192274	-139.1837580728978	1.1030430618665732	0.11247655017947694	-1.2501126498268764	20	-140.05086	-8	58
-933.3590788263269	69.88703384016713	-140.44750211061563	0.8817678010827654	0.045313510469868805	-1.4038141754121785	19	-155.25633	0	58
-932.5455789405306	69.93963633253938	-141.8516924283896	0.5570880524808399	0.14456968461475916	-1.5302810867548746	18	-169.71489	-8	58
-931.9560760976934	70.06171462583782	-143.3467735433448	0.785786152687472	0.061039146649221075	-1.441359615419027	17	-144.71489	0	58
-931.165415052379	70.10193299033682	-144.76600124572659	0.8687841546543132	0.02010918224949813	-1.415547013760893	16	-146.15172	0	58
-930.2906523178144	70.10203998894342	-146.15725739202597	0.9578190221351532	0.00005349930329532668	-1.3676731848058834	15	-142.25029	0	58
-929.3256668781768	70.08401612524466	-147.5002634102026	1.048002289463754	-0.0800720517912102	-1.302097462303904	14	-138.11852	4.795662	58
-928.2730975669716	70.00726966960251	-148.78349865849322	1.1157045182305771	0.009112298457536652	-1.2522087853963737	13	-136.01497	-3.204338	58
-927.198627347414	70.024794834111	-150.03652279179934	0.9627987968648845	0.12226786227210155	-1.3534878920820244	12	-149.6583	-7.676896	58
-926.2055100693337	70.12501734108827	-151.33598913230892	1.195749342074537	0.050111253488632095	-1.1330885135966131	11	-124.658295	0	58
-924.9941518934284	70.15395026810576	-152.41835111606153	1.3626087567368415	-0.06965907168136082	-0.9186467078806738	10	-116.50633	5.6806154	58
-923.6304340600025	70.08310787318834	-153.31391870652027	1.4369286612998993	-0.001040648638809108	-0.8366051258959147	9	-117.246155	-2.3193846	58
-922.2482382754531	70.06511922057256	-154.190908229587	1.2098847130439705	-0.0766431666309831	-1.1084081369110206	8	-142.24615	4.5700903	58
-921.030017275687	69.99196293645056	-155.2702171702705	1.3191671505216647	0.014242994063433781	-1.004120216625293	7	-123.19183	-3.4299097	58
-919.7678547406881	69.98688525711569	-156.30479799881732	1.0791312866444762	-0.002538839667438481	-1.2396138706800013	6	-148.19183	0	58
-918.7019238014218	69.96924525677237	-157.53638698810303	1.065930939266341	-0.017640000343322755	-1.2315889892857228	0	-140.59692	0	58
-917.6853347121571	69.96296498534684	-158.77545034411548	0.867484254653351	0.11327192499504503	-1.3810513484926827	35	-154.75056	-7.873013	57
-916.8053373212167	70.05437118478604	-160.12681932934058	1.0036609562409793	0.04382876855588899	-1.3119087237364664	34	-138.46324	0.12698698	57
-915.7963450197682	70.0777233784253	-161.4122563145722	1.1008512998741817	0.011676096819634451	-1.248408626187435	33	-135.44789	0	57
-914.7016393254863	70.09670975830572	-162.63394118518391	1.155122482460615	0.1204135193321634	-1.1946188407595302	32	-133.84917	-7.502117	57
-913.5694115170144	70.21862146323261	-163.81762925096763	1.1178849310857404	0.160069506063661	-1.2307565437637484	31	-139.19075	-6.6972823	57
-912.5154339884527	70.35585918994556	-165.06830112756944	0.8261206703133646	0.04930674797034555	-1.420727092590157	30	-159.39178	1.3027177	57
-911.7398876471639	70.38348465640138	-166.49201009666007	0.5920631791893619	-0.10211495480448066	-1.528754967319087	29	-165.96294	7.84382	57
-911.1591728621382	70.27633083185376	-168.0187774887826	0.5516408721437711	-0.051295118682708064	-1.5722256725846722	28	-162.09941	-0.1561799	57
-910.5551662160143	70.23409141012375	-169.54068237969042	0.8776255687313066	0.06535718248548256	-1.3803608055775372	27	-137.09941	-5.840723	57
-909.6576021297564	70.27845797737183	-170.88398795914065	1.055126805573442	-0.009835780578864549	-1.2664811301362973	26	-134.45164	2.159277	57
-908.5938697283322	70.25144435106458	-172.12304360192957	1.16130683317462	-0.10849151964486052	-1.1828061507668581	25	-131.82828	6.41698	57
-907.427226066409	70.14380539961623	-173.29025579573542	1.2278183701966543	-0.03035255245007898	-1.1372933862601093	24	-130.67114	-1.5830202	57
-906.1796495047644	70.0993944474909	-174.3768587351985	1.390955360271026	-0.022205476062664257	-0.9092996544124804	23	-115.510056	0	57
-904.8375491749933	70.08506661994299	-175.3117442293639	1.2081155754995458	0.08919736385101402	-1.1191786071920324	22	-140.51006	-6.5105085	57
-903.6438282142391	70.15284030859505	-176.42217721947657	1.2081470549792381	0.011804799489892472	-1.1454208382560616	21	-133.99681	1.4894915	57
-902.4495492096293	70.14561214160445	-177.55904086121947	1.2020858891190391	-0.0036140834952973905	-1.1655414068719008	20	-134.63002	0	57
-901.2596776476917	70.12478451955623	-178.71612368176025	1.1965525331164926	-0.010413811024107454	-1.179005658927617	19	-134.95024	0	57
-900.0792454083116	70.12180573852085	-179.881492925062	1.1856469051075726	0.09778613439657616	-1.1810912553855746	18	-135.14528	-6.7104335	57
-898.8796986096139	70.19800637023691	-181.01728542591292	1.333924506421705	0.019032616023328883	-0.9958665763722662	17	-120.24457	1.2895665	57
-897.600457407059	70.21716693313456	-182.03531456788414	1.1218969038535356	0.0931381460999111	-1.20393475917416	16	-145.24457	-5.644796	57
-896.494273430234	70.30724325140939	-183.22405458345972	1.1256525103727606	0.12283617252652486	-1.2177553865061606	15	-137.435	-5.252903	57
-895.4159242357129	70.42795941704188	-184.44832118518246	0.9419052588912131	0.14415924207890396	-1.3559556996431463	14	-151.571	-5.659534	57
-894.4968876178943	70.54963547664735	-185.79912307409583	0.8745050355509111	0.06083802980273774	-1.4172136057468574	13	-150.78029	0	57
-893.6309478710115	70.58965674663295	-187.20205347968383	0.8802578561436868	0.02001063499280329	-1.4242607965325498	12	-148.25166	0	57
-892.7530790608685	70.59962831707941	-188.60442885965585	0.9265393897125754	0.04579794492541005	-1.3962194401881995	11	-144.95128	-2.7533407	57
-891.8615295780397	70.62491030359837	-190.00065726308597	0.7839606224926113	0.012640993259479297	-1.477941289832661	10	-156.55984	0	57
-891.0888131309425	70.62579489516125	-191.46394778380852	0.7727164470972179	0.0008845915628753973	-1.4632905207225377	0	-153.13153	-2.0348492	57
-890.281679934912	70.6151938484986	-192.88037217791884	1.0196558109097118	0.02378670052632312	-1.2930910500186066	35	-133.51247	-1.9622974	56
-889.2794103952245	70.6261567672252	-194.16333528120043	0.995971779750485	0.035627445741486755	-1.331932571643153	34	-144.37485	-2.035327	56
-888.2917710805795	70.64781567650844	-195.4784166026745	1.0167757157055253	0.03690303804335988	-1.327117323515896	33	-142.0139	-1.759943	56
-887.2787144332951	70.66947205816854	-196.78514412714125	1.0613112208761004	0.03160676627650411	-1.2970102617479518	32	-139.24124	-1.4019356	56
-886.182761714232	70.68455652161292	-198.00845180356694	1.3229371247741373	0.02261759661735504	-0.960517830307841	31	-114.24124	-1.0202608	56
-884.8548133609434	70.69618237955515	-198.9198994970715	1.4596265035858136	0.04385732035733116	-0.7523446448632425	30	-110.44707	-2.5699615	56
-883.4056450495426	70.72704514562558	-199.65057584618577	1.5116360241390747	0.04663608443650869	-0.684822903131893	29	-112.09751	-2.1067877	56
-881.9120984400505	70.75818223832917	-200.33150872557644	1.5121253989194918	0.03626565416976985	-0.7096606328797151	28	-115.75692	-1.4007349	56
-880.4226683439865	70.77650536650613	-201.04701556535758	1.4782214057018332	0.018858988895130723	-0.7871400058414293	27	-120.346664	-0.65574837	56
-878.969762062466	70.7755392733284	-201.84361715527874	1.4223373625524993	-0.0003200611256162848	-0.8864042621866047	26	-125.04758	-0.014497757	56
-877.5762813732592	70.76491019179514	-202.7407977668591	1.3436579619243836	0.023284010312998094	-0.9992036107628263	25	-130.4076	-1.930975	56
-876.2925361347751	70.77427848137839	-203.77040441526938	1.09021046027602	0.029780257560721262	-1.2365090857569978	24	-148.15352	-1.6971016	56
-875.2191402646727	70.78431881708094	-204.99935170643286	1.0684630860750997	0.006894499014984679	-1.2775890337367193	23	-141.27481	-0.12954521	56
-874.1936303829142	70.77340019413121	-206.28637404515374	0.889453528714067	-0.0028515482189158062	-1.4054763786061217	22	-153.69539	-0.17821121	56
-873.3575704411428	70.75870945796477	-207.6984288950422	0.6415696958317354	0.004715151504030263	-1.5260167873032833	21	-164.75342	-0.81553555	56
-872.7654529425696	70.7509587244159	-209.2204322566438	0.4024115337712055	0.01975448067388416	-1.6039885237907148	20	-172.81383	-1.5959225	56
-872.374736765996	70.75414820825756	-210.80914328041231	0.36331920889228253	0.015610856654947953	-1.6274763616128483	19	-168.6064	-0.95005226	56
-872.0068570349828	70.756662623961	-212.41680668728114	0.41320560453027716	0.027412244632708832	-1.6219080457787012	18	-164.34746	-1.7687845	56
-871.5990107698588	70.76633418879835	-214.02209643335198	0.4083074773782132	0.014614693852790024	-1.6276477877025455	17	-166.0874	-0.66146946	56
-871.137350434468	70.76158434868407	-215.60717330276808	0.7300783355678191	-0.002374920057142053	-1.4804710005163488	16	-144.03429	0	56
-870.4029276426886	70.74394434834075	-217.06856979664232	0.7990152601303424	-0.008820000171661378	-1.462849445324273	15	-149.47179	0	56
-869.6255394914398	70.71852510769462	-218.5262378624893	0.7207388528985653	-0.012709620323066712	-1.5112956970041014	14	-157.0083	0	56
-868.9364256576172	70.69140311149235	-220.0343045611491	0.5817599740215993	-0.006552702455198744	-1.570234568292569	13	-163.7961	-0.47347355	56
-868.3891112155858	70.67377991125082	-221.5973328028497	0.5473144420313995	-0.017623200241534107	-1.5630282417005974	0	-169.98152	-1.5980654	56
-867.9421832957756	70.67365005992538	-223.14215023469578	0.4469279198101741	-0.0001298513254326472	-1.5448174318460612	0	165.01848	-9.598065	56
