arm,tick,boost,fire,position_error_current,position_error_without_boost,velocity_error_current,velocity_error_move_then_boost,actual_dx,actual_dy,actual_dz
full,19092,35,false,1.04209523,0.00000101,0.05864485,0.00003126,0.44758153,0.48430288,0.37031475
full,19093,34,false,0.55208621,0.00000454,0.00563739,0.00007977,0.30241225,0.07961769,-0.64763944
full,19094,33,false,0.28265110,0.00001211,0.01330141,0.00008416,0.20896532,-0.13368980,-1.15696195
full,19095,32,false,0.14418906,0.00001404,0.01451379,0.00010775,0.15125410,-0.24214764,-1.41634963
full,19096,31,false,0.07478187,0.00000467,0.01552277,0.00003524,0.11518160,-0.29915892,-1.54814497
full,19097,30,false,0.10675927,0.00001161,0.01813109,0.00008592,0.12013424,-0.33298123,-1.61109953
full,19098,29,false,0.05950402,0.00001066,0.01883972,0.00009029,0.22983343,-0.37083634,-1.62607775
full,19099,28,false,0.03686609,0.00000936,0.01946813,0.00004398,0.28882945,-0.39265386,-1.63271571
full,19100,27,false,0.02770420,0.00000277,0.01996442,0.00007651,0.32107574,-0.40715814,-1.63504454
full,19101,26,false,0.02548075,0.00001443,0.02062096,0.00007308,0.33903354,-0.41860733,-1.63510105
full,19102,25,false,0.02642758,0.00001147,0.02134468,0.00006502,0.34927447,-0.42956178,-1.63378057
full,19103,24,false,0.08663152,0.00000301,0.02398629,0.00001649,0.37367479,-0.44310013,-1.62580336
full,19104,23,false,0.05322574,0.00001432,0.02461772,0.00006638,0.45157864,-0.47561636,-1.59639952
full,19105,22,false,0.03839153,0.00001923,0.02510320,0.00011284,0.49303703,-0.49621327,-1.58001982
full,19106,21,false,0.03307883,0.00001187,0.02565480,0.00007261,0.51526771,-0.51125006,-1.57010691
full,19107,20,false,0.03220099,0.00001024,0.02623161,0.00006183,0.52714847,-0.52422583,-1.56325922
full,19108,19,false,0.03350141,0.00001103,0.02689101,0.00005518,0.53335974,-0.53709732,-1.55766013
full,19109,18,false,0.03635826,0.00001461,0.02762435,0.00008425,0.53630979,-0.55129611,-1.55220719
full,19110,17,false,0.09664986,0.00001180,0.01828383,0.00006330,0.51888171,-0.55783577,-1.55627261
full,19111,16,false,0.04604712,0.00000181,0.01780675,0.00005127,0.45037736,-0.47043373,-1.60341838
full,19112,15,false,0.02214280,0.00001930,0.01774103,0.00008811,0.41250941,-0.42705769,-1.62480647
full,19113,14,false,0.01468496,0.00001428,0.01468496,0.02899041,0.39122644,-0.40688814,-1.63426094
full,19114,0,false,0.00001851,0.00001851,0.00001851,0.04617741,0.39259528,-0.38317376,-1.65336113
full,19115,0,false,0.00001274,0.00001274,0.00001274,0.06540502,0.39327434,-0.36248842,-1.67026730
full,19116,0,false,0.00001374,0.00001374,0.00001374,0.08837688,0.39319276,-0.34481481,-1.68517837
full,19117,0,false,0.00001538,0.00001538,0.00001538,0.11583805,0.37334262,-0.32786660,-1.70211266
full,19118,0,false,0.00001433,0.00001433,0.00001433,0.13317311,0.35174808,-0.31345466,-1.71720821
full,19119,0,false,0.00000724,0.00000724,0.00000724,0.29365585,0.27762544,-0.29527482,-1.72976386
full,19120,0,false,0.00000171,0.00000171,0.00000171,0.28504412,0.20557047,-0.27911017,-1.73807909
full,19121,0,false,0.00001340,0.00001340,0.00001340,0.27918690,0.13503465,-0.26473239,-1.74242336
full,19122,0,false,0.00000849,0.00000849,0.00000849,0.27641131,0.06542703,-0.25193638,-1.74293439
full,19123,0,false,0.00001713,0.00001713,0.00001713,0.27724411,-0.00399035,-0.24053750,-1.73957226
full,19124,0,false,0.00001180,0.00001180,0.00001180,0.28264866,-0.07410518,-0.23036884,-1.73207194
full,19125,0,false,0.00001197,0.00001197,0.00001197,0.29423301,-0.14610601,-0.22127872,-1.71980254
full,19126,0,false,0.00000803,0.00000803,0.00000803,0.31487995,-0.22162761,-0.21312896,-1.70151323
full,19127,0,false,0.00001848,0.00001848,0.00001848,0.62456157,-0.30408691,-0.12386273,-1.63470653
full,19128,0,false,0.00000670,0.00000670,0.00000670,0.45703153,-0.38188106,-0.08861864,-1.57937555
full,19129,0,false,0.00002179,0.00002179,0.00002179,0.41361599,-0.44631659,-0.05752774,-1.52535397
full,19130,0,false,0.00000026,0.00000026,0.00000026,0.09240179,-0.43008212,-0.06838052,-1.52010953
full,19131,0,false,0.00000918,0.00000918,0.00000918,0.09922813,-0.41390961,-0.07772372,-1.51572916
full,19132,0,false,0.00002088,0.00002088,0.00002088,0.10758460,-0.39743763,-0.08440247,-1.51173830
full,19133,0,false,0.00000752,0.00000752,0.00000752,0.11821955,-0.38017739,-0.08801281,-1.50774461
full,19134,0,false,0.00001207,0.00001207,0.00001207,0.56350694,-0.29476411,-0.01825535,-1.47259076
full,19135,0,false,0.00000812,0.00000812,0.00000812,0.55502443,-0.21601921,0.04590088,-1.42857938
full,19136,0,false,0.00001081,0.00001081,0.00001081,0.54971347,-0.14358259,0.10510999,-1.37768699
full,19137,0,false,0.00000767,0.00000767,0.00000767,0.54590520,-0.07588622,0.16251786,-1.32371117
full,19138,0,false,0.00000972,0.00000972,0.00000972,0.54364431,-0.01272243,0.21751169,-1.26692536
full,19139,0,false,0.00000838,0.00000838,0.00000838,0.54304609,0.04607293,0.26950064,-1.20755427
full,19140,0,false,0.00000957,0.00000957,0.00000957,0.54424741,0.10064198,0.31792347,-1.14575445
full,19141,0,false,0.00000538,0.00000538,0.00000538,0.54740581,0.15107391,0.36227874,-1.08161331
full,19142,0,false,0.00000455,0.00000455,0.00000455,0.55271250,0.19739209,0.40210278,-1.01515339
full,19143,0,false,0.00000556,0.00000556,0.00000556,0.56038531,0.23951245,0.43698155,-0.94635451
full,19144,0,false,0.00000698,0.00000698,0.00000698,0.57065461,0.27721207,0.46656253,-0.87518146
full,19145,0,false,0.00000275,0.00000275,0.00000275,0.40583465,0.27099392,0.49064242,-0.84199907
full,19146,0,false,0.00000552,0.00000552,0.00000552,0.40705809,0.26579304,0.51136951,-0.80932931
full,19147,0,false,0.00000120,0.00000120,0.00000120,0.40950572,0.26151446,0.52878727,-0.77718097
full,19148,0,false,0.00000458,0.00000458,0.00000458,0.46752005,0.25686364,0.54358831,-0.74299153
full,19149,0,false,0.00000314,0.00000314,0.00000314,0.41767118,0.24041573,0.55423984,-0.71684983
full,19150,0,false,0.00000504,0.00000504,0.00000504,0.42562468,0.24002105,0.56176979,-0.68580023
full,19151,0,false,0.00000326,0.00000326,0.00000326,0.46520281,0.23913919,0.56576396,-0.65361362
full,19152,0,false,0.00000472,0.00000472,0.00000472,0.43348757,0.22811202,0.56706357,-0.62909360
full,19153,0,false,0.00000462,0.00000462,0.00000462,0.45241672,0.23039204,0.56558699,-0.59895456
full,19154,0,false,0.00000428,0.00000428,0.00000428,0.46276209,0.23287091,0.56129282,-0.56921321
full,19155,0,false,0.00000441,0.00000441,0.00000441,0.50411525,0.24298322,0.55427367,-0.53146643
full,19156,0,false,0.00000448,0.00000448,0.00000448,0.51406422,0.25127631,0.54416062,-0.49482857
full,19157,0,false,0.00000226,0.00000226,0.00000226,0.52522840,0.25787198,0.53111713,-0.45928856
full,19158,0,false,0.00000162,0.00000162,0.00000162,0.53754401,0.26288086,0.51529723,-0.42482713
full,19159,0,false,0.00000208,0.00000208,0.00000208,0.55094536,0.26639905,0.49685587,-0.39141553
full,19160,0,false,0.00000556,0.00000556,0.00000556,0.54415370,0.26420551,0.48229816,-0.37650610
full,19161,0,false,0.00000330,0.00000330,0.00000330,0.55281265,0.26167446,0.46720171,-0.36231999
full,19162,0,false,0.00000361,0.00000361,0.00000361,0.56141482,0.25885774,0.45161692,-0.34881541
full,19163,0,false,0.00000274,0.00000274,0.00000274,0.56994793,0.25579375,0.43558941,-0.33596050
full,19164,0,false,0.00000329,0.00000329,0.00000329,0.57840042,0.25252304,0.41916456,-0.32371679
full,19165,0,false,0.00000054,0.00000054,0.00000054,0.58676315,0.24907584,0.40238680,-0.31205215
full,19166,0,false,0.00000357,0.00000357,0.00000357,0.59502908,0.24548429,0.38529059,-0.30093256
full,19167,0,false,0.00000369,0.00000369,0.00000369,0.60319294,0.24177063,0.36791334,-0.29032912
full,19168,0,false,0.00000294,0.00000294,0.00000294,0.61125151,0.23795798,0.35029023,-0.28020946
full,19169,0,false,0.00000403,0.00000403,0.00000403,0.60928535,0.23240488,0.32925624,-0.26897377
full,19170,0,false,0.00000114,0.00000114,0.00000114,0.62045977,0.22687461,0.30773872,-0.25826397
full,19171,0,false,0.00000259,0.00000259,0.00000259,0.63163020,0.22137780,0.28576753,-0.24804811
full,19172,0,false,0.00000116,0.00000116,0.00000116,0.64280887,0.21591918,0.26337226,-0.23829593
full,19173,0,false,0.00000241,0.00000241,0.00000241,0.65401995,0.21050439,0.24056780,-0.22897753
full,19174,0,false,0.00000286,0.00000286,0.00000286,0.66529422,0.20513630,0.21736287,-0.22006368
full,19175,0,false,0.00000133,0.00000133,0.00000133,0.67667325,0.19981452,0.19375544,-0.21152807
full,19176,0,false,0.00000171,0.00000171,0.00000171,0.68821089,0.19453955,0.16972884,-0.20334437
full,19177,0,false,0.00000155,0.00000155,0.00000155,0.69997108,0.18931013,0.14525638,-0.19548704
full,19178,0,false,0.00000131,0.00000131,0.00000131,0.71203095,0.18412407,0.12029739,-0.18793199
full,19179,0,false,0.00000156,0.00000156,0.00000156,0.72448039,0.17897861,0.09479657,-0.18065659
full,19180,0,true,0.72298871,0.00000074,0.02954725,0.00004717,0.17275893,0.07341273,-0.17629918
full,19181,35,false,0.36658470,0.00000691,0.02963106,0.00006149,0.53846371,0.50512028,-0.61117286
full,19182,34,false,0.18679054,0.00000289,0.02959097,0.00004368,0.71441111,0.73882069,-0.82107872
full,19183,33,false,0.09686971,0.00001094,0.02962365,0.00006989,0.79933718,0.86327403,-0.92276894
full,19184,32,false,0.05461401,0.00001450,0.02960475,0.00008405,0.84118332,0.92698707,-0.97302967
full,19185,31,false,0.03959087,0.00000954,0.02945640,0.00007921,0.86305895,0.95643953,-0.99937032
full,19186,30,false,0.03865538,0.00000885,0.02933865,0.00007290,0.87615426,0.96580943,-1.01509759
full,19187,29,false,0.04303959,0.00001277,0.02919328,0.00007214,0.88599086,0.96218004,-1.02685501
full,19188,28,false,0.17829448,0.00000735,0.02373189,0.00005597,0.90341879,0.93051909,-1.04052871
full,19189,27,false,0.12614809,0.00001188,0.02202537,0.00007004,0.97413861,0.78057500,-1.07878968
full,19190,26,false,0.09587958,0.00000459,0.02041008,0.00002822,1.01861289,0.67547050,-1.10441595
full,19191,25,false,0.02742705,0.00001290,0.02338062,0.00006139,1.04096994,0.60921158,-1.12275420
full,19192,24,false,0.04225514,0.00001295,0.02182337,0.00006050,1.02240445,0.61877501,-1.13988137
full,19193,23,false,0.23568475,0.00000975,0.01121713,0.00004512,1.02671997,0.55493822,-1.16663250
full,19194,22,false,0.15631935,0.00002006,0.01235276,0.00009015,1.05590361,0.30786398,-1.21315547
full,19195,21,false,0.28364627,0.00001277,0.01614461,0.00007374,1.01522555,0.17304900,-1.26025334
full,19196,20,false,0.15341507,0.00001366,0.01447595,0.00007647,0.74309215,0.22840429,-1.41226604
full,19197,19,false,0.08510280,0.00001868,0.01408246,0.00008383,0.59470823,0.25945845,-1.48872371
full,19198,18,false,0.04917315,0.00001350,0.01394974,0.00006059,0.51244418,0.27650865,-1.52811511
full,19199,17,false,0.03062313,0.00001416,0.01387067,0.00007147,0.46587434,0.28525017,-1.54897090
full,19200,16,false,0.02167539,0.00000382,0.01376335,0.00002013,0.43878940,0.28875122,-1.56048532
full,19201,15,false,0.01800329,0.00000315,0.01363312,0.00001761,0.42241302,0.28867224,-1.56732115
full,19202,14,false,0.07924947,0.00000671,0.01134676,0.00003411,0.42230391,0.27212585,-1.57326049
full,19203,13,false,0.05054601,0.00001368,0.01123221,0.00007938,0.46738377,0.19957326,-1.57194942
full,19204,12,false,0.03327413,0.00000852,0.01123765,0.00004905,0.49433074,0.15134991,-1.57122722
full,19205,11,false,0.17938279,0.00000921,0.01227810,0.00005411,0.53877456,0.10672443,-1.56219394
full,19206,10,false,0.10686960,0.00001535,0.00224138,0.00010145,0.68779311,-0.01380028,-1.50266973
full,19207,9,false,0.25676822,0.00001321,0.02566319,0.00006905,0.78776747,-0.09087894,-1.46281267
full,19208,8,false,0.14612145,0.00001090,0.14612145,0.16827593,0.86272654,-0.33949292,-1.38767041
full,19209,0,false,0.00000313,0.00000313,0.00000313,0.18928204,0.87924114,-0.33161734,-1.39007641
full,19210,0,false,0.00001558,0.00001558,0.00001558,0.21405997,0.89512421,-0.32629370,-1.39129701
full,19211,0,false,0.00001077,0.00001077,0.00001077,0.24401353,0.91054482,-0.32386879,-1.39123317
full,19212,0,false,0.00001125,0.00001125,0.00001125,0.28136160,0.92570975,-0.32498360,-1.38963744
full,19213,0,false,0.00001241,0.00001241,0.00001241,0.32973716,0.94085350,-0.33079351,-1.38601694
full,19214,0,false,0.00000231,0.00000231,0.00000231,0.36184967,0.93274565,-0.33981097,-1.39709762
full,19215,0,false,0.00000913,0.00000913,0.00000913,0.39585902,0.92391108,-0.35223291,-1.40745168
full,19216,0,false,0.00000164,0.00000164,0.00000164,0.43616462,0.91396656,-0.36894625,-1.41697727
full,19217,0,false,0.00001154,0.00001154,0.00001154,0.48466829,0.90235830,-0.39118863,-1.42545705
full,19218,0,false,0.00000186,0.00000186,0.00000186,0.54396822,0.88814929,-0.42063494,-1.43257341
full,19219,0,false,0.00000067,0.00000067,0.00000067,0.61760361,0.86975048,-0.45936811,-1.43793831
full,19220,0,false,0.00000100,0.00000100,0.00000100,0.64103281,0.84523968,-0.50103374,-1.44479191
segmented,19367,35,false,1.02673911,0.00000242,0.05892329,0.00003243,0.44846486,0.42526565,0.37190727
segmented,19368,34,false,0.54388080,0.00000418,0.00263974,0.00008392,0.30305628,0.07797614,-0.65083487
segmented,19369,33,false,0.27874851,0.00000591,0.00936635,0.00006209,0.20922403,-0.10688978,-1.16158571
segmented,19370,32,false,0.14227926,0.00001437,0.01058926,0.00008210,0.15116765,-0.20106135,-1.42136977
segmented,19371,31,false,0.07345627,0.00001362,0.01144611,0.00007273,0.11489006,-0.25051987,-1.55337901
segmented,19372,30,false,0.11376046,0.00001451,0.01657881,0.00008615,0.11925097,-0.28036793,-1.61659717
segmented,19373,29,false,0.06369931,0.00000832,0.01747151,0.00005194,0.22951103,-0.33411279,-1.62942556
segmented,19374,28,false,0.03912476,0.00000974,0.01808231,0.00009075,0.28895936,-0.36411980,-1.63551895
segmented,19375,27,false,0.02847741,0.00001080,0.01873222,0.00005625,0.32157795,-0.38267708,-1.63790528
segmented,19376,26,false,0.02516440,0.00001424,0.01936733,0.00007171,0.33982538,-0.39618756,-1.63818223
segmented,19377,25,false,0.02547647,0.00000541,0.02007635,0.00006792,0.35025243,-0.40795541,-1.63718953
segmented,19378,24,false,0.09006892,0.00000284,0.02353232,0.00001778,0.37467300,-0.42207060,-1.62946993
segmented,19379,23,false,0.05523811,0.00000173,0.02417881,0.00006814,0.45253047,-0.46138468,-1.59876001
segmented,19380,22,false,0.03946922,0.00001735,0.02474302,0.00010688,0.49403666,-0.48544280,-1.58190613
segmented,19381,21,false,0.03351313,0.00000294,0.02533828,0.00003048,0.51638119,-0.50230490,-1.57182258
segmented,19382,20,false,0.03225282,0.00001554,0.02587408,0.00010564,0.52835486,-0.51623233,-1.56495107
segmented,19383,19,false,0.03337784,0.00001168,0.02660854,0.00005074,0.53470116,-0.52952438,-1.55939935
segmented,19384,18,false,0.03612972,0.00001186,0.02735322,0.00006410,0.53772973,-0.54397199,-1.55401893
segmented,19385,17,false,0.32427885,0.00001409,0.01260776,0.00006296,0.48612323,-0.54303434,-1.56690526
segmented,19386,16,false,0.23238569,0.00002719,0.01341498,0.00012674,0.25710276,-0.25479362,-1.64242802
segmented,19387,15,false,0.06500896,0.00001479,0.01277909,0.00007542,0.06290891,-0.11813892,-1.66323546
segmented,19388,14,false,0.03456113,0.00000553,0.01298141,0.00003021,0.06317681,-0.05330133,-1.66872285
segmented,19389,13,false,0.02047997,0.00001272,0.01303137,0.00005596,0.06318610,-0.02261134,-1.66826266
segmented,19390,12,false,0.01439982,0.00001068,0.01301440,0.00004658,0.06313287,-0.00818631,-1.66654345
segmented,19391,11,false,0.01250283,0.00000597,0.01251973,0.00002601,0.06307952,-0.00142738,-1.66499531
segmented,19392,10,false,0.36218623,0.00000326,0.02771808,0.00001687,0.10376010,-0.01131055,-1.65922460
segmented,19393,9,false,0.22122551,0.00000981,0.22122551,0.24401418,0.29968286,-0.34048747,-1.58128028
segmented,19394,0,false,0.00001583,0.00001583,0.00001583,0.28184150,0.33034464,-0.33978790,-1.58233581
segmented,19395,0,false,0.00000878,0.00000878,0.00000878,0.21660646,0.27720981,-0.32184775,-1.59979944
segmented,19396,0,false,0.00000288,0.00000288,0.00000288,0.21246060,0.22510662,-0.30602532,-1.61403247
segmented,19397,0,false,0.00000977,0.00000977,0.00000977,0.21114022,0.17357774,-0.29214184,-1.62525922
segmented,19398,0,false,0.00000280,0.00000280,0.00000280,0.21305548,0.12210325,-0.28005468,-1.63360992
segmented,19399,0,false,0.00000949,0.00000949,0.00000949,0.21886842,0.06999352,-0.26966466,-1.63908607
segmented,19400,0,false,0.00000457,0.00000457,0.00000457,0.22976444,0.01635828,-0.26093123,-1.64151149
segmented,19401,0,false,0.00000019,0.00000019,0.00000019,0.24778667,-0.04009110,-0.25390474,-1.64040131
segmented,19402,0,true,0.25940056,0.00000905,0.01966476,0.00004579,-0.08707733,-0.22504465,-1.63606177
segmented,19403,35,false,0.08878127,0.00001582,0.01480491,0.00007140,-0.27997169,-0.03690537,-1.61465360
segmented,19404,34,false,0.12526860,0.00000887,0.00128933,0.00005476,-0.27605273,0.03439923,-1.62607811
segmented,19405,33,false,0.06986393,0.00000907,0.00535559,0.00005558,-0.24819744,-0.09635443,-1.64210805
segmented,19406,32,false,0.04162848,0.00001352,0.00661612,0.00007605,-0.23324013,-0.16715879,-1.65525086
segmented,19407,31,false,0.02706595,0.00000888,0.00756225,0.00004552,-0.22488553,-0.20707217,-1.66437373
segmented,19408,30,false,0.02006567,0.00000598,0.00834587,0.00003755,-0.21994189,-0.23117521,-1.67019986
segmented,19409,29,false,0.53865988,0.00001237,0.03335649,0.00005487,-0.13960548,-0.17472883,-1.64033734
segmented,19410,28,false,0.29959723,0.00000593,0.02755694,0.00004505,0.21115498,0.29651119,-1.51180231
segmented,19411,27,false,0.16129504,0.00000785,0.02805929,0.00005452,0.39343438,0.56336062,-1.42308843
segmented,19412,26,false,0.08412747,0.00001135,0.02836247,0.00005652,0.48956732,0.71349793,-1.36471060
segmented,19413,25,false,0.04226172,0.00000111,0.02839526,0.00003706,0.54174159,0.79631326,-1.32786752
segmented,19414,24,false,0.02532904,0.00001551,0.02840349,0.00008656,0.57163992,0.83940437,-1.30595867
segmented,19415,23,false,0.52969772,0.00001387,0.01627171,0.00008563,0.52482413,0.79268205,-1.32776319
segmented,19416,22,false,0.28135447,0.00001370,0.01303702,0.00008199,0.13900667,0.40821582,-1.49220383
segmented,19417,21,false,0.22119320,0.00001254,0.01328846,0.00005770,-0.09149568,0.20463507,-1.56367901
segmented,19418,20,false,0.06060058,0.00000449,0.01241278,0.00002278,-0.28932768,0.09699370,-1.57849419
segmented,19419,19,false,0.03105252,0.00000237,0.01250066,0.00001142,-0.29482409,0.04036874,-1.60839865
segmented,19420,18,false,0.01719068,0.00000682,0.01252175,0.00002998,-0.29755584,0.01078577,-1.62326550
segmented,19421,17,false,0.01221330,0.00002057,0.01221234,0.00008998,-0.29901683,-0.00383848,-1.63121972
segmented,19422,16,false,0.01078537,0.00001714,0.01222829,0.00007478,-0.29986042,-0.01047867,-1.63581460
segmented,19423,15,false,0.01177594,0.00236475,0.01157079,0.00118983,-0.30036938,-0.01562285,-1.63858795
segmented,19424,14,false,0.01078754,0.00030991,0.01219298,0.00021389,-0.30063350,-0.01556079,-1.63993818
segmented,19425,13,false,0.01079296,0.00056167,0.01211651,0.00035352,-0.30083128,-0.01549956,-1.64057411
segmented,19426,12,false,1.13152325,0.00084359,0.07756072,0.00043559,-0.15444144,0.11500507,-1.44634689
segmented,19427,11,false,0.58850513,0.00000607,0.03500328,0.00006004,0.40815654,0.74727596,-0.51530812
segmented,19428,10,false,0.31964558,0.00000528,0.02427641,0.00005620,0.65511932,1.03352426,-0.02266951
segmented,19429,9,false,0.17640952,0.00000415,0.17640952,0.18897897,0.77266558,1.17515866,0.24246304
segmented,19430,0,false,0.00000727,0.00000727,0.00000727,0.20822577,0.73856579,1.17514816,0.24631142
segmented,19431,0,false,0.00000145,0.00000145,0.00000145,0.23212872,0.70580827,1.17205073,0.25005876
segmented,19432,0,false,0.00000403,0.00000403,0.00000403,0.26223683,0.67439178,1.16607399,0.25391487
segmented,19433,0,false,0.00000409,0.00000409,0.00000409,0.45799706,0.64797255,1.15744267,0.20013774
segmented,19434,0,false,0.00000148,0.00000148,0.00000148,0.47951424,0.62101960,1.14515278,0.15120771
segmented,19435,0,false,0.00000231,0.00000231,0.00000231,0.50629264,0.59392259,1.12970051,0.10672629
segmented,19436,0,false,0.00000299,0.00000299,0.00000299,0.53853957,0.56702777,1.11151343,0.06627763
segmented,19437,0,false,0.00000333,0.00000333,0.00000333,0.57648866,0.54063853,1.09088741,0.02942057
segmented,19438,0,false,0.00000267,0.00000267,0.00000267,0.62030567,0.51502272,1.06791600,-0.00429576
segmented,19439,0,false,0.00000486,0.00000486,0.00000486,0.66985388,0.49040845,1.04235530,-0.03533864
segmented,19440,0,true,0.65739848,0.00000321,0.02637306,0.00004962,0.46368073,1.01616894,-0.06471722
segmented,19441,35,false,0.35730640,0.00000727,0.02124594,0.00007130,0.70524038,0.79633919,-0.65166454
segmented,19442,34,false,0.20037469,0.00001505,0.01943735,0.00009825,0.82541068,0.65602554,-0.95513281
segmented,19443,33,false,0.11892331,0.00001414,0.01824549,0.00007797,0.88545629,0.56449309,-1.11332786
segmented,19444,32,false,0.07639045,0.00001550,0.01736588,0.00008443,0.91571115,0.50258336,-1.19700248
segmented,19445,31,false,0.05394980,0.00002037,0.01666650,0.00010280,0.93130055,0.45848460,-1.24233925
segmented,19446,30,false,0.04207253,0.00001683,0.01600979,0.00008750,0.93970936,0.42484992,-1.26791646
segmented,19447,29,false,0.19268183,0.00001076,0.01714390,0.00004958,0.91072878,0.39949429,-1.30102998
segmented,19448,28,false,0.27490010,0.00000319,0.01388047,0.00006841,0.71180528,0.34929691,-1.42510003
segmented,19449,27,false,0.10039110,0.00000474,0.01282135,0.00006314,0.54206417,0.14467305,-1.52522900
segmented,19450,26,false,0.04845567,0.00000210,0.01191936,0.00001578,0.55011078,0.03833217,-1.54779751
segmented,19451,25,false,0.02245826,0.00000094,0.00925090,0.00003733,0.55457510,-0.01469932,-1.56032642
segmented,19452,24,false,0.01184663,0.00000041,0.00927703,0.00002135,0.55759073,-0.03866144,-1.56879684
segmented,19453,23,false,0.00863974,0.00000018,0.00941464,0.00007028,0.55943489,-0.04901181,-1.57397912
segmented,19454,22,false,0.00824543,0.00000010,0.00950164,0.00001757,0.56048469,-0.05292756,-1.57692996
segmented,19455,21,false,0.00841407,0.00000005,0.00967018,0.00005848,0.56104319,-0.05393361,-1.57850003
segmented,19456,20,false,0.00857307,0.00001468,0.00978316,0.00008371,0.56132471,-0.05351280,-1.57924771
segmented,19457,19,false,0.00870093,0.00000840,0.00992815,0.00005489,0.56150595,-0.05253476,-1.57953993
segmented,19458,18,false,0.40034401,0.00000171,0.02655964,0.00003242,0.59191272,0.02243872,-1.53699653
segmented,19459,17,false,0.23486924,0.00001202,0.02755579,0.00007528,0.75981745,0.39343522,-1.34962108
segmented,19460,16,false,0.13563104,0.00001146,0.02836009,0.00006489,0.84704224,0.61719890,-1.22655577
segmented,19461,15,false,0.12446057,0.00001757,0.02142809,0.00010023,0.88421455,0.72564236,-1.16440722
segmented,19462,14,false,0.08745303,0.00001004,0.02017143,0.00006751,0.86151987,0.63744446,-1.23925101
segmented,19463,13,false,0.06691832,0.00001238,0.01912971,0.00006234,0.84925507,0.57406686,-1.28436612
segmented,19464,12,true,0.31911502,0.00000361,0.15285585,0.15703458,0.81505213,0.47947391,-1.34120870
segmented,19465,11,false,0.20742622,0.00000075,0.10426164,0.10342630,0.54538241,0.09786524,-1.54390481
segmented,19466,10,false,0.01952982,0.00000528,0.01731425,0.01056139,0.26580400,-0.00728105,-1.63824363
segmented,19467,9,false,0.00529299,0.00000118,0.01666033,0.00674327,0.26849391,-0.03272998,-1.65458982
segmented,19468,8,false,0.00330925,0.00000028,0.01704481,0.00680324,0.26924651,-0.03812505,-1.65917638
segmented,19469,7,false,0.56121061,0.00000200,0.29354690,0.28458763,0.37055879,-0.04613017,-1.60477767
segmented,19470,6,false,0.18068927,0.00001208,0.02719658,0.00009568,1.02701722,-0.44981916,-1.17538354
segmented,19471,5,false,0.10537656,0.00001364,0.02843300,0.00007310,1.17233139,-0.52574112,-1.06267271
segmented,19472,4,false,0.06834510,0.00001781,0.02921794,0.00010437,1.25023306,-0.57095172,-0.99460541
segmented,19473,3,false,0.05307948,0.00001637,0.02997352,0.00008388,1.29172585,-0.60214639,-0.95126092
segmented,19474,2,false,0.21594992,0.00000610,0.03195258,0.00006193,1.26816708,-0.63713770,-0.96427788
segmented,19475,1,false,0.12739563,0.00001660,0.03281953,0.00007578,1.09272732,-0.72447829,-1.09343862
segmented,19476,0,false,0.00001411,0.00001411,0.10819154,0.00005963,0.99159054,-0.77766378,-1.16025068
segmented,19477,0,false,0.00001015,0.00001015,0.09281923,0.00005998,0.93046073,-0.81424945,-1.19362713
segmented,19478,0,false,0.00000143,0.00000143,0.08873325,0.00006912,0.89072108,-0.84374262,-1.20817991
