full,19082,-1007,74,79,0,-0.0784000015258789,0,-168.98311,-0.00001257658,0,false,none,20
full,19083,-1007,74,79,0,-0.0784000015258789,0,-168.98311,-0.00001257658,0,false,launch-macro,20
full,19084,-1007,74,79,0,-0.0784000015258789,0,-168.98311,-0.00001257658,0,false,launch-macro,20
full,19085,-1007,74,79,0,-0.0784000015258789,0,-168.98311,-0.00001257658,0,false,launch-macro,20
full,19086,-1007,74.41999998688698,79,0,0.33319999363422365,0,-168.98311,-0.00001257658,0,false,launch-macro,20
full,19087,-1007,74.7531999805212,79,0,0.24813599859094576,0,-168.98311,-0.00001257658,0,false,launch-macro,20
full,19088,-1007,75.00133597911214,79,0,0.16477328182606651,0,-168.98311,-0.00001257658,0,false,launch-macro,20
full,19089,-1007,75.14321379806302,79,0,0.14187781895087356,0,-168.98311,-0.00001257658,0,false,launch-macro,20
full,19090,-1007,75.2626540629595,79,0,0.11944026489648817,0,-168.98311,-0.00001257658,0,false,launch-macro,20
full,19091,-1007,75.36010552445472,79,0,0.0974514614952281,0,-45,-35,0,true,launch-macro,20
full,19092,-1007,75.41666335019313,79,0.49232909381389617,0.5157818096549416,0.49232909381389617,-172.56859,9.384246,35,false,flight-session,20
full,19093,-1006.552418470285,75.90096622731542,79.37031474790075,0.33227061187142853,0.10358308341807493,-0.6464260276104112,-174.93343,11.3912325,34,false,flight-session,20
full,19094,-1006.2500062179062,75.98058391278113,78.7226753113803,0.22484704231340902,-0.12801562453871224,-1.1538269137329435,-176.17664,12.4369955,33,false,flight-session,20
full,19095,-1006.0410408933787,75.84689411663118,77.56571335648205,0.15990901510737188,-0.2498990874589619,-1.4066833204361882,-176.92326,13.10619,32,false,flight-session,20
full,19096,-1005.8897867887196,75.60474647715986,76.1493637249352,0.1201330413223585,-0.3137447104245492,-1.534853187202866,-177.4197,13.663259,31,false,flight-session,20
full,19097,-1005.7746051914776,75.30558755334461,74.60121875206985,0.0947961633623832,-0.35033691400814665,-1.5991859498344658,-169.16,15.429197,30,false,flight-session,20
full,19098,-1005.6544709530582,74.9726063248567,72.99011922417075,0.214215347676188,-0.39256807101628266,-1.6103027545529955,-168.48946,15.797915,29,false,flight-session,20
full,19099,-1005.4246375242434,74.60176998844614,71.36404147120884,0.2781738140954515,-0.41675426413442457,-1.6144942520331387,-168.08803,16.144976,28,false,flight-session,20
full,19100,-1005.1358080717698,74.20911613249814,69.73132576252544,0.31298077438207017,-0.4326772855064997,-1.6152470502607326,-167.83893,16.512045,27,false,flight-session,20
full,19101,-1004.814732330623,73.80195799241632,68.09628122315786,0.33223049228135215,-0.44509109593364277,-1.614198869663194,-167.67744,16.932121,26,false,flight-session,20
full,19102,-1004.4756987932457,73.38335066586428,66.46118017645892,0.3431147221571984,-0.4568253706916009,-1.6119664979664743,-167.56673,17.44345,25,false,flight-session,20
full,19103,-1004.1264243210032,72.95378888499094,64.82739960772975,0.3492759030788169,-0.46954303333332204,-1.6087852209261706,-162.01074,19.506868,24,false,flight-session,20
full,19104,-1003.7527495347504,72.51068875017714,63.20159625121451,0.4342947573279836,-0.5053729495823441,-1.5749446059996233,-161.50305,19.95251,23,false,flight-session,20
full,19105,-1003.3011708992941,72.03507239267402,61.605196732600426,0.4793242784748689,-0.5278445128489418,-1.555892933788433,-161.20229,20.379185,22,false,flight-session,20
full,19106,-1002.8081338717625,71.53885912492828,60.02517691176818,0.5033481510548771,-0.5440333358954222,-1.544308245729921,-161.01894,20.828012,21,false,flight-session,20
full,19107,-1002.292866158395,71.02760906327418,58.45507000417682,0.5160838536915919,-0.5578068812007928,-1.536312205545673,-160.90312,21.332846,20,false,flight-session,20
full,19108,-1001.7657176845183,70.50338323701953,56.89181078080888,0.5226540121524959,-0.5712904667810456,-1.5298187361489581,-160.82643,21.930578,19,false,flight-session,20
full,19109,-1001.2323579477305,69.96628592029597,55.33415065484613,0.5256881567773799,-0.5859834222701675,-1.5235782947499874,-160.77249,22.674068,18,false,flight-session,20
full,19110,-1000.6960481564302,69.41498980724886,53.78194346636132,0.5265020701754677,-0.6032615115807045,-1.5166616135228366,-166.35269,15.449239,17,false,flight-session,20
full,19111,-1000.1771664417497,68.8571540384165,52.22567085686104,0.45279395075569995,-0.5053095589943727,-1.574290407433204,-166.83888,15.098627,16,false,flight-session,20
full,19112,-999.7267890852617,68.38672030902562,50.62225247432264,0.41205421511260515,-0.4565771532558267,-1.6008217645352292,-167.12946,15.019014,15,false,flight-session,20
full,19113,-999.3142796746536,67.95966261509932,48.99744600392408,0.3892000558616336,-0.43378742264102094,-1.612726423504181,-167.30934,15.113138,14,false,flight-session,20
full,19114,-998.9230532308541,67.55277447385416,47.36318506521595,0.3912264437995223,-0.40688814124516165,-1.6342609387081333,-167.4259,15.337893,0,false,flight-session,20
full,19115,-998.5304579540622,67.16960070999272,45.70982393967168,0.3925952767918766,-0.38317376386143365,-1.6533611255442744,-167.5671,15.805056,0,false,flight-session,20
full,19116,-998.137183612461,66.8071122945448,44.039556644630224,0.3932743416012796,-0.3624884154479294,-1.6702672950414517,-167.74866,16.64836,0,false,flight-session,20
full,19117,-997.7439908496792,66.46229748747926,42.35437827044764,0.39319276278168425,-0.3448148070655259,-1.6851783741825852,-173.462,15.1703205,0,false,flight-session,20
full,19118,-997.3706482262189,66.13443088566167,40.652265613220585,0.37334262346025826,-0.327866601817589,-1.7021126572270562,-174.56584,15.989709,0,false,flight-session,20
full,19119,-997.018900142568,65.8209762220412,38.93505740203309,0.35174808365094234,-0.3134546636204787,-1.7172082111874953,169.84518,6.70443,0,false,flight-session,20
full,19120,-996.7412747053594,65.52570140355887,37.205293539297095,0.2776254372085847,-0.2952748184823254,-1.729763862735993,168.0144,6.3858542,0,false,flight-session,20
full,19121,-996.5357042396494,65.24659123560292,35.46721444803035,0.20557046571007367,-0.2791101679559451,-1.738079091266749,166.0567,6.059993,0,false,flight-session,20
full,19122,-996.4006695920824,64.9818588499053,33.7247910892457,0.1350346475669121,-0.2647323856976224,-1.742423358784651,163.92397,5.716303,0,false,flight-session,20
full,19123,-996.3352425667126,64.72992247104804,31.981856695219196,0.06542702536976189,-0.25193637885724707,-1.7429343940265025,161.54796,5.3399744,0,false,flight-session,20
full,19124,-996.3392329122704,64.48938497398063,30.24228443771505,-0.0039903455577874085,-0.24053749706740482,-1.7395722575041472,158.82732,4.908784,0,false,flight-session,20
full,19125,-996.4133380936947,64.25901613812357,28.510212493449565,-0.07410518142428912,-0.23036883585706794,-1.7320719442654855,155.6029,4.3869867,0,false,flight-session,20
full,19126,-996.5594441017718,64.03773741463012,26.790409950744397,-0.14610600807699028,-0.22127872349345926,-1.719802542705169,151.60823,3.712577,0,false,flight-session,20
full,19127,-996.7810717071195,63.8246084546386,25.088896716392963,-0.2216276053477265,-0.2131289599915146,-1.701513234351433,138.06143,-26.965572,0,false,flight-session,20
full,19128,-997.0851586182713,63.70074572100061,23.454190184501467,-0.3040869111517449,-0.12386273363799302,-1.6347065318914948,137.91869,-11.295072,0,false,flight-session,20
full,19129,-997.4670396808116,63.6121270797673,21.874814636722224,-0.381881062540256,-0.08861864123330886,-1.5793755477792424,138.08583,-11.562715,0,false,flight-session,20
full,19130,-997.913356275537,63.55459933645289,20.34946066670266,-0.44631659472539204,-0.05752774331440831,-1.5253539700195617,168.61826,0.23866938,0,false,flight-session,20
full,19131,-998.3434383980701,63.486218815422916,18.829351136044135,-0.4300821225331194,-0.06838052102997492,-1.5201095306585282,169.22258,-0.068466015,0,false,flight-session,20
full,19132,-998.7573480075172,63.40849509529871,17.313621977061352,-0.4139096094471027,-0.07772372012420568,-1.5157291589827833,169.93068,-0.5259978,0,false,flight-session,20
full,19133,-999.1547856394857,63.324092622023144,15.80188367824379,-0.3974376319684912,-0.08440247327556769,-1.5117382988175618,170.79594,-1.1982263,0,false,flight-session,20
full,19134,-999.5349630277191,63.236079815856634,14.294139068147478,-0.3801773882333824,-0.08801280616650735,-1.507744610096312,-161.20476,-27.870234,0,false,flight-session,20
full,19135,-999.8297271390776,63.21782446723819,12.821548306797345,-0.29476411135847064,-0.01825534861844695,-1.472590761350134,-158.19449,-29.994797,0,false,flight-session,20
full,19136,-1000.0457463472853,63.26372535088519,11.392968930612806,-0.216019208207703,0.04590088364700357,-1.428579376184539,-155.00014,-32.11439,0,false,flight-session,20
full,19137,-1000.1893289363401,63.368835340367994,10.015281944485901,-0.14358258905479285,0.10510998948280914,-1.3776869861269054,-151.58424,-34.219845,0,false,flight-session,20
full,19138,-1000.265215158534,63.53135319921129,8.69157077555526,-0.07588622219390244,0.16251785884329165,-1.3237111689306404,-147.9029,-36.294933,0,false,flight-session,20
full,19139,-1000.2779375861664,63.74886489266972,7.42464541066764,-0.01272242763237152,0.21751169345843047,-1.2669253648876189,-143.90384,-38.32064,0,false,flight-session,20
full,19140,-1000.2318646547615,64.01836553497051,6.217091144966918,0.04607293140497822,0.26950064230079557,-1.207554265700722,-139.52502,-40.273666,0,false,flight-session,20
full,19141,-1000.1312226709468,64.33628900557781,5.071336693866899,0.10064198381461606,0.31792347060730225,-1.1457544511000195,-134.69371,-42.124157,0,false,flight-session,20
full,19142,-999.9801487611071,64.69856774832718,3.9897233790491384,0.1510739098397582,0.36227874274936916,-1.0816133148177602,-129.32675,-43.832317,0,false,flight-session,20
full,19143,-999.7827566694928,65.10067052656527,2.974569988970498,0.19739209161429697,0.40210277823809004,-1.01515339007864,-123.33369,-45.34381,0,false,flight-session,20
full,19144,-999.5432442151114,65.53765208130177,2.0282154825146783,0.23951245438142216,0.4369815547365099,-0.94635450645582,-116.62495,-46.583984,0,false,flight-session,20
full,19145,-999.2660321449682,66.00421461353395,1.1530340220561812,0.27721207014314087,0.4665625322321754,-0.8751814604584971,-158.90805,-47.714897,0,false,flight-session,20
full,19146,-998.9950382255847,66.49485703784629,0.31103495677490123,0.27099391938353784,0.49064242431234195,-0.84199906528128,-157.62236,-48.60198,0,false,flight-session,20
full,19147,-998.7292451849419,67.00622654651583,-0.49829435409333533,0.26579304064279247,0.5113695086695401,-0.8093293108682366,-156.23215,-49.44977,0,false,flight-session,20
full,19148,-998.4677307269907,67.5350138119374,-1.2754753287368583,0.2615144579512396,0.52878726542157,-0.7771809746435231,-154.72908,-60,0,false,flight-session,20
full,19149,-998.2108670916006,68.07860212443217,-2.018466858743409,0.25686363539009555,0.5435883124947682,-0.7429915300065507,-168.10818,-51.023193,0,false,flight-session,20
full,19150,-997.970451365522,68.63284196579846,-2.735316692208605,0.24041572607854936,0.5542398413662981,-0.716849833465196,-151.27354,-51.733173,0,false,flight-session,20
full,19151,-997.7304303139043,69.19461175257749,-3.421116917730952,0.2400210516176966,0.5617697867790236,-0.6858002255223472,-149.29463,-60,0,false,flight-session,20
full,19152,-997.4912911207059,69.76037570983814,-4.074730538216418,0.23913919319845764,0.56576395726065,-0.6536136204854653,-162.16165,-53.034874,0,false,flight-session,20
full,19153,-997.263179100758,70.32743927726415,-4.703824139903747,0.2281120199479794,0.5670635674260094,-0.6290936016873294,-144.76756,-53.607384,0,false,flight-session,20
full,19154,-997.0327870646098,70.89302626829387,-5.302778701277978,0.23039203614814258,0.5655869910297165,-0.5989545613742311,-142.18427,-54.137672,0,false,flight-session,20
full,19155,-996.7999161574875,71.45431908830938,-5.871991915040379,0.23287090712232492,0.5612928200155094,-0.5692132137624011,-124.39323,-54.62397,0,false,flight-session,20
full,19156,-996.5569329372835,72.00859275747499,-6.4034583498503075,0.24298322020402455,0.5542736691656063,-0.531466434809929,-121.48063,-55.0728,0,false,flight-session,20
full,19157,-996.3056566246112,72.55275338015117,-6.898286919580733,0.25127631267227735,0.5441606226761931,-0.49482856973042566,-118.43047,-55.486603,0,false,flight-session,20
full,19158,-996.0477846463068,73.0838705130713,-7.357575478650431,0.25787197830432873,0.5311171329201312,-0.45928855906969784,-115.22475,-55.8679,0,false,flight-session,20
full,19159,-995.7849037848576,73.5991677463622,-7.782402608092456,0.262880861449126,0.5152972332908948,-0.4248271294420245,-111.84331,-56.219326,0,false,flight-session,20
full,19160,-995.5185047328653,74.09602361844618,-8.173818142266647,0.26639905199233765,0.49685587208398946,-0.3914155341741911,-135.96088,-29.316196,0,false,flight-session,20
full,19161,-995.2542992189163,74.57832177978308,-8.550324244306728,0.26420551394897435,0.4822981613369064,-0.3765061020400798,-135.63228,-29.100887,0,false,flight-session,20
full,19162,-994.9926247583938,75.04552348733142,-8.912644233433998,0.26167446052252374,0.46720170754834406,-0.3623199891272709,-135.31778,-28.879856,0,false,flight-session,20
full,19163,-994.7337670146468,75.4971404046918,-9.26145964344843,0.25885774374705495,0.4516169173603789,-0.34881541001443284,-135.0166,-28.655506,0,false,flight-session,20
full,19164,-994.477973265778,75.93272981249203,-9.597420145410752,0.2557937488688174,0.4355894078002161,-0.3359605019623204,-134.72798,-28.430538,0,false,flight-session,20
full,19165,-994.225450221852,76.35189436828344,-9.921136935631843,0.25252304392598873,0.419164555791416,-0.32371679022109207,-134.45123,-28.207935,0,false,flight-session,20
full,19166,-993.9763743827017,76.75428116545964,-10.233189087139493,0.24907583915035086,0.40238679717620407,-0.3120521515076507,-134.18564,-27.99102,0,false,flight-session,20
full,19167,-993.7308900969867,77.13957175386491,-10.534121649165415,0.24548428571496392,0.3852905884052755,-0.3009325620259215,-133.93059,-27.78349,0,false,flight-session,20
full,19168,-993.4891194646727,77.50748509199988,-10.824450773308477,0.24177063231398266,0.3679133381349663,-0.29032912414306267,-133.68544,-27.58942,0,false,flight-session,20
full,19169,-993.2511614801209,77.85777532302592,-11.104660237003557,0.23795798455177733,0.35029023102604295,-0.28020946369507943,-133.44962,-39.41333,0,false,flight-session,20
full,19170,-993.0187565990375,78.18703156180764,-11.373634004182222,0.23240488108341684,0.32925623878172533,-0.2689737671786637,-133.22263,-39.26528,0,false,flight-session,20
full,19171,-992.791881984155,78.49477028054687,-11.631897974443875,0.22687461488246108,0.3077387187392301,-0.2582639702616539,-133.00403,-39.153107,0,false,flight-session,20
full,19172,-992.5705041884962,78.78053781533488,-11.879946087576236,0.22137779565876523,0.2857675347880087,-0.24804811313236053,-132.79343,-39.085384,0,false,flight-session,20
full,19173,-992.3545850125535,79.0439100744099,-12.118242015715216,0.2159191759427095,0.26337225907501255,-0.23829592813897899,-132.59041,-39.071392,0,false,flight-session,20
full,19174,-992.1440806191149,79.28447787719658,-12.347219546681357,0.21050439343861116,0.240567802786686,-0.2289775309661408,-132.3946,-39.121147,0,false,flight-session,20
full,19175,-991.9389443179786,79.50184075086064,-12.567283225637075,0.20513630113634207,0.21736287366405802,-0.22006367895571882,-132.20569,-39.245327,0,false,flight-session,20
full,19176,-991.739129802754,79.6955961915331,-12.778811300457384,0.19981451522464164,0.19375544067246467,-0.21152807482031027,-132.02327,-39.455235,0,false,flight-session,20
full,19177,-991.5445902498624,79.86532502800527,-12.982155669579445,0.19453955289161837,0.16972883647217518,-0.20334436912206066,-131.84705,-39.762672,0,false,flight-session,20
full,19178,-991.3552801209034,80.01058140328985,-13.177642707586669,0.18931012895898577,0.14525637528458035,-0.19548703800722483,-131.67671,-40.179783,0,false,flight-session,20
full,19179,-991.1711560467922,80.13087879656182,-13.365574695529904,0.18412407411125165,0.12029739327196656,-0.1879319879432353,-131.51193,-40.71878,0,false,flight-session,20
full,19180,-990.992177439909,80.22567536165717,-13.54623128764515,0.17897860688317468,0.09479656509534837,-0.18065659211524424,-139.08887,-32.61345,0,true,flight-session,20
full,19181,-990.8194185053001,80.2990880954169,-13.722530469946024,0.5552564728815707,0.4948229578565814,-0.6291862953330625,-139.1496,-32.85311,35,false,flight-session,20
full,19182,-990.2809547966498,80.80420837627342,-14.333703333602182,0.7362984850462149,0.713624511894895,-0.8456839277415843,-139.18178,-32.915855,34,false,flight-session,20
full,19183,-989.566543683414,81.5430290684638,-15.154782054617403,0.82361426530947,0.8312959294959157,-0.950503610237721,-139.20012,-32.803535,33,false,flight-session,20
full,19184,-988.7672065046237,82.40630309356136,-16.077550994507824,0.8665288151918765,0.8920850570872829,-1.0021857387612054,-139.21114,-32.524685,32,false,flight-session,20
full,19185,-987.9260231821315,83.33329016563232,-17.05058066409983,0.8888137339666133,0.9204425256652212,-1.0291039330111054,-139.21826,-32.080353,31,false,flight-session,20
full,19186,-987.0629642309086,84.28972969994014,-18.049950984960322,0.9019755436599589,0.9296581911451113,-1.0449571680148186,-139.22327,-31.454357,30,false,flight-session,20
full,19187,-986.1868099684967,85.25553912651871,-19.065048573477004,0.9116660359443678,0.9264446784420239,-1.0565699339992842,-139.22728,-30.601053,29,false,flight-session,20
full,19188,-985.3008191056834,86.21771917148371,-20.09190358444809,0.9208117359711455,0.9137359215398841,-1.0674567764921277,-137.14561,-20.473785,28,false,flight-session,20
full,19189,-984.3974003163062,87.14823826061318,-21.132432290549804,0.9933246811580922,0.7625609114899774,-1.1039761113068156,-136.88776,-18.371828,27,false,flight-session,20
full,19190,-983.4232617064307,87.92881325729255,-22.21122197004573,1.0384040645307215,0.6581547326889309,-1.128237538679657,-136.7144,-16.574198,26,false,flight-session,20
full,19191,-982.4046488190411,88.60428375536978,-23.31563791698941,1.0678756604230253,0.580184709962285,-1.1452347545539925,-138.83533,-19.976917,25,false,flight-session,20
full,19192,-981.363678875381,89.21349533676855,-24.438392114433974,1.0463179318396363,0.5949484896906821,-1.1627557809780262,-139.0485,-18.120285,24,false,flight-session,20
full,19193,-980.341274425309,89.83227035082056,-25.57827348015933,1.0406751870577788,0.5736945097492289,-1.180071207497992,-139.1858,-3.6501906,23,false,flight-session,20
full,19194,-979.3145544586653,90.38720857337812,-26.744905977441714,1.0677982643811348,0.3315437436552062,-1.2253172844507096,-139.27925,-0.72502834,22,false,flight-session,20
full,19195,-978.2586508528117,90.6950725581736,-27.958061449570476,1.0824252447660285,0.16460725910878582,-1.2507388292993964,-160.80576,-9.098009,21,false,flight-session,20
full,19196,-977.2434253049047,90.86812155550155,-29.218314785883138,0.783610204039612,0.22091021557910123,-1.422745237888043,-162.75569,-9.340533,20,false,flight-session,20
full,19197,-976.5003331572802,91.0965258442175,-30.63058082378782,0.6202415382444486,0.25212724468451003,-1.5071355601367662,-163.91093,-9.45334,19,false,flight-session,20
full,19198,-975.9056249285784,91.3559842933057,-32.11930453290333,0.529722234902052,0.26926232258611454,-1.549975372318986,-164.61974,-9.479353,18,false,flight-session,20
full,19199,-975.3931807513658,91.63249294691867,-33.647419647686114,0.47859129902835773,0.2781893419484565,-1.5724185810558673,-165.07272,-9.440346,17,false,flight-session,20
full,19200,-974.9273064111401,91.91774311830127,-35.196390545221284,0.4489687006122983,0.28199740169414644,-1.5846603431004709,-165.37752,-9.344877,16,false,flight-session,20
full,19201,-974.4885170133197,92.20649434272813,-36.75687586571463,0.4311304459197206,0.28238111622553963,-1.5917845185621426,-165.59708,-9.1909075,15,false,flight-session,20
full,19202,-974.0661039949207,92.49516657783781,-38.32419701573514,0.4199199490514595,0.2800896090757198,-1.5963646136302485,-162.30255,-4.8958035,14,false,flight-session,20
full,19203,-973.6438000833905,92.76729242960691,-39.897457502487015,0.4686212000664022,0.20858466906292195,-1.5934378090650267,-161.87195,-4.147604,13,false,flight-session,20
full,19204,-973.1764163171342,92.96686569429303,-41.469406920920434,0.4975366533212282,0.16125993004334915,-1.591640258852597,-161.56793,-3.6038516,12,false,flight-session,20
full,19205,-972.6820855810541,93.1182156040833,-43.040634138560684,0.5154274518685137,0.12909894818460804,-1.5903946672507963,-151.28493,3.2804625,11,false,flight-session,20
full,19206,-972.1433110207835,93.2249400324516,-44.6028280809429,0.6771460346271307,0.004737613527817389,-1.5253203244578235,-149.54568,4.524528,10,false,flight-session,20
full,19207,-971.455517910047,93.21113975171332,-46.105497809215116,0.7734469378631894,-0.07389908256550966,-1.4817440839971376,-145.33151,20.979502,9,false,flight-session,20
full,19208,-970.6677504362318,93.12026081051523,-47.56831048166575,0.8453878720394006,-0.3497529559234239,-1.3841216824424725,-144.66577,22.66724,8,false,flight-session,20
full,19209,-969.8050238995104,92.78076788743647,-48.95598088692346,0.8627265367214217,-0.33949292307877094,-1.3876704052577122,-144.26791,23.828814,0,false,flight-session,20
full,19210,-968.9257827576666,92.44915055107276,-50.346057298785155,0.8792411418437227,-0.3316173363637013,-1.3900764118616902,-143.82124,25.310534,0,false,flight-session,20
full,19211,-968.0306585513603,92.12285685453193,-51.73735430438607,0.8951242063064273,-0.3262936965408249,-1.39129700560092,-143.30344,27.226284,0,false,flight-session,20
full,19212,-967.1201137276063,91.79898806242778,-53.128587470749444,0.9105448237539338,-0.32386879210415215,-1.3912331663633732,-142.67737,29.754843,0,false,flight-session,20
full,19213,-966.1944039768197,91.4740044595346,-54.51822491172001,0.9257097507866074,-0.32498360289318357,-1.3896374409705678,-141.87573,33.1903,0,false,flight-session,20
full,19214,-965.2535504722435,91.14321094875952,-55.90424184724908,0.9408535045760998,-0.3307935107750748,-1.3860169355290706,-149.7828,35.70173,0,false,flight-session,20
full,19215,-964.3208048216898,90.8033999778139,-57.301339464960364,0.9327456505537287,-0.33981097094561985,-1.3970976177112813,-150.28477,38.388412,0,false,flight-session,20
full,19216,-963.3968937445109,90.45116707025429,-58.708791142856235,0.9239110771788862,-0.35223290755960357,-1.4074516778958692,-150.88124,41.653366,0,false,flight-session,20
full,19217,-962.4829271841961,90.08222082311859,-60.12576841027463,0.913966560314704,-0.36894624713569685,-1.416977267418393,-151.62589,45.679245,0,false,flight-session,20
full,19218,-961.5805688799147,89.69103219025737,-61.551225463610166,0.9023583042814382,-0.39118863286122124,-1.4254570533355342,-152.62265,50.721752,0,false,flight-session,20
full,19219,-960.6924195911988,89.2703972487042,-62.983798876667066,0.8881492887158685,-0.4206349415531689,-1.4325734130569037,-154.10544,57.134624,0,false,flight-session,20
full,19220,-959.8226691069283,88.81102913554756,-64.4217371874942,0.86975048427051,-0.4593681131566472,-1.4379383108271315,-156.74776,60,0,false,flight-session,20
full,19221,-958.9774294262771,88.30999539093119,-65.8665290951714,0.8452396806511095,-0.5010337446163607,-1.4447919076772038,-156.74776,60,0,false,none,20
full,19222,-958.1539220519556,87.76915013457719,-67.3176761570962,0.8235073743215163,-0.5408452563540057,-1.4511470619248017,-156.74776,60,0,false,none,20
full,19223,-957.3496369276751,87.19026497791904,-68.69999998807907,0.8042851242805884,-0.5788851566581483,0,-156.74776,60,0,false,none,20
full,19224,-956.5959222075389,86.57503269571879,-68.69999998807907,0.7537147201361171,-0.6152322822002517,0,-156.74776,60,0,false,none,20
full,19225,-955.8889225664384,85.92507073429724,-68.78247822579378,0.7069996411005296,-0.6499619614215602,-0.08247823771471662,-156.74776,60,0,false,none,20
full,19226,-955.3000000119209,85.24192456364797,-68.93534232021446,0,-0.6831461706492695,-0.1528640944206816,-156.74776,60,0,false,none,20
full,19227,-955.3000000119209,85,-69.10075985025935,0,0,-0.1654175300448843,-156.74776,60,0,false,none,8.496548
full,19228,-955.3000000119209,85,-69.10075985025935,0,-0.0784000015258789,0,-156.74776,60,0,false,none,8.496548
full,19229,-955.3000000119209,85,-69.10075985025935,0,-0.0784000015258789,0,-156.74776,60,0,false,none,8.496548
full,19230,-955.3000000119209,85,-69.10075985025935,0,-0.0784000015258789,0,-156.74776,60,0,false,none,8.496548
segmented,19357,-1007,74,79,0,-0.0784000015258789,0,-156.74776,60,0,false,none,20
segmented,19358,-1007,74,79,0,-0.0784000015258789,0,-156.74776,60,0,false,launch-macro,20
segmented,19359,-1007,74,79,0,-0.0784000015258789,0,-156.74776,60,0,false,launch-macro,20
segmented,19360,-1007,74,79,0,-0.0784000015258789,0,-156.74776,60,0,false,launch-macro,20
segmented,19361,-1007,74.41999998688698,79,0,0.33319999363422365,0,-156.74776,60,0,false,launch-macro,20
segmented,19362,-1007,74.7531999805212,79,0,0.24813599859094576,0,-156.74776,60,0,false,launch-macro,20
segmented,19363,-1007,75.00133597911214,79,0,0.16477328182606651,0,-156.74776,60,0,false,launch-macro,20
segmented,19364,-1007,75.09911379572078,79,0,0.09777781660864668,0,-156.74776,60,0,false,launch-macro,20
segmented,19365,-1007,75.13123605513852,79,0,0.03212225941773815,0,-156.74776,60,0,false,launch-macro,20
segmented,19366,-1006.9997108785839,75.09982137187261,78.99932713468739,0.0002891214160791759,-0.03141468326590516,-0.0006728653126157163,-44.944916,-35,0,true,launch-macro,20
segmented,19367,-1006.996705957686,75.03476939354178,79.00233840049407,0.49331204613942514,0.45497690762032,0.49435367753720466,-172.58623,7.537343,35,false,flight-session,20
segmented,19368,-1006.5482410982072,75.46003504775032,79.37424567541028,0.33299296769160636,0.10114694872612051,-0.649655166767818,-174.9551,9.3374,34,false,flight-session,20
segmented,19369,-1006.2451848138329,75.5380111841095,78.72341080912923,0.22533302584603895,-0.09885661579539728,-1.1609122941472565,-176.20139,10.269824,33,false,flight-session,20
segmented,19370,-1006.0359607865856,75.431121402112,77.56182510229105,0.16006136156671147,-0.20494103910818134,-1.41534318644216,-176.95093,10.849397,32,false,flight-session,20
segmented,19371,-1005.8847931385842,75.23006005163626,76.14045532849,0.1200628692725906,-0.2605187723393183,-1.544306752411463,-177.45007,11.311564,31,false,flight-session,20
segmented,19372,-1005.7699030770476,74.97954018092399,74.58707631938579,0.09459090020217634,-0.2919658059844898,-1.6093535174610485,-169.16646,14.439276,30,false,flight-session,20
segmented,19373,-1005.6506521082083,74.69917225392044,72.97047914851291,0.21440718956073507,-0.3520881174746432,-1.6167782134033197,-168.4888,14.894234,29,false,flight-session,20
segmented,19374,-1005.4211410745163,74.36505946414857,71.34105359117846,0.27871844132643553,-0.3855041144003012,-1.6196331122911085,-168.08267,15.281783,28,false,flight-session,20
segmented,19375,-1005.1321817188859,74.00093966117448,69.70553464309583,0.31384242920970395,-0.4060155521146545,-1.620043762447687,-167.83026,15.662767,27,false,flight-session,20
segmented,19376,-1004.8106037727416,73.61826257914589,68.0676293605194,0.33336747924384225,-0.4207920406294921,-1.6189949993290258,-167.66643,16.080505,26,false,flight-session,20
segmented,19377,-1004.4707783878687,73.22207502410262,66.42944713524089,0.34442970258881694,-0.4335046481333055,-1.6169792902725384,-167.55403,16.577143,25,false,flight-session,20
segmented,19378,-1004.1205259622967,72.81411961673162,64.79225760216504,0.35072845737171365,-0.44642716460917375,-1.6141336568997116,-161.99422,19.150005,24,false,flight-session,20
segmented,19379,-1003.7458529625362,72.39204901375837,63.162787668898034,0.4355549885734583,-0.48985970387853567,-1.578373960731213,-161.48303,19.63164,23,false,flight-session,20
segmented,19380,-1003.2933224883311,71.93066433635335,61.56402766103236,0.48053510374787034,-0.5162045342300672,-1.558543750170591,-161.1798,20.077051,22,false,flight-session,20
segmented,19381,-1002.7992858263171,71.44522153990907,59.982121535050396,0.5046371859469134,-0.5344423085924883,-1.5466193249023747,-160.99448,20.535309,21,false,flight-session,20
segmented,19382,-1002.2829046386403,70.9429166350918,58.41029895561852,0.5174253754017177,-0.5492934476130793,-1.5385129400731847,-160.87714,21.044283,20,false,flight-session,20
segmented,19383,-1001.7545497822136,70.42668430958005,56.845347886553256,0.5241272300755743,-0.5632664898423263,-1.5320149545412942,-160.79915,21.643255,19,false,flight-session,20
segmented,19384,-1001.2198486180238,69.89715992813704,55.28594853220213,0.527233178230071,-0.5782620124440135,-1.5258088439169366,-160.74426,22.387249,18,false,flight-session,20
segmented,19385,-1000.6821188845928,69.35318793946281,53.73192960702886,0.5281025107918236,-0.5956851780991879,-1.5189761929428482,-175.82896,0,17,false,flight-session,20
segmented,19386,-1000.1959956561831,68.8101536018104,52.16502434645998,0.3049413000985166,-0.27151716882621013,-1.6311972233086944,175.58884,-0.64817184,16,false,flight-session,20
segmented,19387,-999.9388928922015,68.5553599800273,50.52259632573554,0.06310028673759424,-0.11786236171468678,-1.6686357727094396,-177.83437,-0.9522493,15,false,flight-session,20
segmented,19388,-999.875983979048,68.43722105995754,48.859360869305114,0.06363191211378535,-0.044971865006303416,-1.6808901432571384,-177.83205,-1.0932223,14,false,flight-session,20
segmented,19389,-999.8128071679324,68.38391972872115,47.19063801997301,0.06376442350528887,-0.010434595599480373,-1.683595841746932,-177.83102,-1.1568215,13,false,flight-session,20
segmented,19390,-999.7496210652206,68.36130838809753,45.522375355714686,0.06376839800612055,0.005806646531307684,-1.683348067492166,-177.83057,-1.1838006,12,false,flight-session,20
segmented,19391,-999.6864881948277,68.35312207743762,43.85583190345652,0.06374146836343954,0.013426540820018667,-1.6824802032685575,-177.83037,-1.193568,11,false,flight-session,20
segmented,19392,-999.6234086777255,68.35169469759171,42.19083659519518,0.06371466189172735,0.016968957316460354,-1.681702736785624,-163.71388,23.538317,10,false,flight-session,20
segmented,19393,-999.5196485775286,68.34038415033756,40.531611995731076,0.2704298828000803,-0.34511173052671706,-1.5776131569660543,-161.51305,26.943384,9,false,flight-session,20
segmented,19394,-999.219965716794,67.99989668497733,38.950331717628835,0.299682860734576,-0.3404874653602314,-1.58128027810224,-159.94388,29.568785,0,false,flight-session,20
segmented,19395,-998.88962107803,67.66010878506536,37.3679959107473,0.33034463876397036,-0.33978789991197067,-1.5823358068815385,174.85005,13.055284,0,false,flight-session,20
segmented,19396,-998.612411270775,67.3382610391208,35.768196474903014,0.2772098072549317,-0.3218477459445668,-1.5997994358442842,173.3816,13.1900215,0,false,flight-session,20
segmented,19397,-998.3873046491443,67.03223571951209,34.15416400098891,0.22510662163078093,-0.3060253196087089,-1.6140324739141065,171.79617,13.418406,0,false,flight-session,20
segmented,19398,-998.2137269086834,66.74009388291614,32.52890478529406,0.17357774046091146,-0.2921418365959394,-1.6252592156948484,170.04724,13.763192,0,false,flight-session,20
segmented,19399,-998.0916236575675,66.4600392005332,30.89529486084394,0.12210325111579913,-0.2800546823829408,-1.6336099244501208,168.06625,14.259582,0,false,flight-session,20
segmented,19400,-998.0216301392871,66.19037453767787,29.256208788710723,0.06999351828035161,-0.26966466285532975,-1.6390860721332166,165.74664,14.963759,0,false,flight-session,20
segmented,19401,-998.0052718618258,65.92944330340929,27.614697295218193,0.016358277461382034,-0.2609312342685831,-1.6415114934925294,162.91083,15.969513,0,false,flight-session,20
segmented,19402,-998.0453629569967,65.67553856378579,25.97429598870866,-0.04009109517079976,-0.25390473962349674,-1.6404013065095329,163.59998,-4.763642,0,true,flight-session,20
segmented,19403,-998.1324402874553,65.45049391859146,24.338234213739174,-0.28273507004407417,-0.041949463175789514,-1.630615105867579,170.1632,-5.030311,35,false,flight-session,20
segmented,19404,-998.4124119758492,65.41358854959157,22.723580616212832,-0.28466344818679523,0.056017562455802875,-1.6415992400311388,172.1918,7.0987005,34,false,flight-session,20
segmented,19405,-998.6884647057929,65.44798778185753,21.097502506592075,-0.2526652508275213,-0.0878199465584685,-1.6486997895830597,172.41142,8.082306,33,false,flight-session,20
segmented,19406,-998.9366621460201,65.35163334919748,19.455394453579633,-0.23527754963455993,-0.16765604180976768,-1.6552387178161507,172.55003,8.730765,32,false,flight-session,20
segmented,19407,-999.1699022794387,65.18447455773651,17.800143596468807,-0.22561682531928384,-0.2125710360896505,-1.6606805671433649,172.64189,9.212704,31,false,flight-session,20
segmented,19408,-999.394787804448,64.97740238577963,16.135769871282548,-0.21993834833365034,-0.23961135689943452,-1.6643095312170533,172.7069,9.631078,30,false,flight-session,20
segmented,19409,-999.6147296927196,64.74622717091708,14.465570008908603,-0.21638039624634428,-0.25777277316437164,-1.6663401858275513,-161.13129,-23.124235,29,false,flight-session,20
segmented,19410,-999.7543351759034,64.5714983445538,12.825232667735484,0.18300215166332381,0.24640496488442043,-1.5598562325753895,-158.47995,-25.813387,28,false,flight-session,20
segmented,19411,-999.543180198272,64.86800953748238,11.313430359480355,0.38628395555009093,0.518367339079987,-1.4677064709334042,-156.88225,-27.307947,27,false,flight-session,20
segmented,19412,-999.1497458147359,65.43137016002355,9.890341925616976,0.4932783077481937,0.6716183513482725,-1.4061256659635188,-155.89117,-28.062849,26,false,flight-session,20
segmented,19413,-998.6601784935515,66.14486808521961,8.525631323795896,0.5511675281540145,0.7565734895040448,-1.366980574853488,-155.25363,-28.31755,25,false,flight-session,20
segmented,19414,-998.1184369065414,66.94118134433837,7.19776380512296,0.5840920395091302,0.8013570473164118,-1.3434659385728795,-154.8235,-28.189787,24,false,flight-session,20
segmented,19415,-997.5467969869101,67.78058571700895,5.89180513739882,0.60457292365666,0.8211797512065968,-1.3309577004754582,174.4294,-2.3859441,23,false,flight-session,20
segmented,19416,-997.0219728534388,68.57326776425685,4.564041947975534,0.1798992410081599,0.43169866468013046,-1.5091246046365314,171.79802,-1.4408258,22,false,flight-session,20
segmented,19417,-996.8829661816887,68.98148358097518,3.0718381144493385,-0.05179234944605765,0.22545675878822277,-1.587129939529211,163.13095,-0.9537698,21,false,flight-session,20
segmented,19418,-996.9744618589262,69.18611865554998,1.5081590996201906,-0.2923775059008775,0.11641513231597636,-1.5951492841975634,169.61345,-0.7095565,20,false,flight-session,20
segmented,19419,-997.2637895411882,69.28311235783019,-0.07033508899428287,-0.2979118852343659,0.05900914538785205,-1.6252511279919672,169.61287,-0.5937938,19,false,flight-session,20
segmented,19420,-997.5586136308912,69.32348109937872,-1.6787337354843939,-0.30066362276522673,0.028985428429631952,-1.6402226598939966,169.61263,-0.545612,18,false,flight-session,20
segmented,19421,-997.8561694746084,69.33426686905918,-3.3019992399579317,-0.30203082970097084,0.013460543849474855,-1.6476633338302824,169.61252,-0.5327385,17,false,flight-session,20
segmented,19422,-998.155186308148,69.33042839257904,-4.933218961896236,-0.3027617425898106,0.005903952970558449,-1.6516427224403278,169.61247,-0.53731996,16,false,flight-session,20
segmented,19423,-998.455046723627,69.31994972241264,-6.569033561116077,-0.3031833942335923,0.00266534592138957,-1.653939350457928,169.61244,-0.54982686,15,false,flight-session,20
segmented,19424,-998.7554161044601,69.30432687572173,-8.207621509072169,-0.3034374462670922,0.0003377246661245784,-1.6553237449483906,169.61243,-0.56847346,14,false,flight-session,20
segmented,19425,-999.0560495995676,69.28876608830886,-9.847559692833979,-0.30364922312654824,0.0006132213121423872,-1.655981839764702,169.60939,-0.5870459,13,false,flight-session,20
segmented,19426,-999.3568808803066,69.2732665307611,-11.48813380079231,-0.30374767263278657,0.000888301668445118,-1.6562973193295072,-75.79974,-54.17468,12,false,flight-session,20
segmented,19427,-999.5113223232476,69.38827159975062,-12.93448069340468,0.40503379560792363,0.7466774816373628,-0.6010966242339174,-66.79502,-51.887974,11,false,flight-session,20
segmented,19428,-999.1031657871704,70.13554756088885,-13.449788817055339,0.6862399181002157,1.0423765096552253,-0.050913463444763274,-62.548454,-50.420742,10,false,flight-session,20
segmented,19429,-998.4480464668416,71.16907181770509,-13.472458326110516,0.8081277264037555,1.1718520938708044,0.23835184872053083,-60.24178,-49.379078,9,false,flight-session,20
segmented,19430,-997.6753808885195,72.34423047761064,-13.229995287437507,0.7726655783220839,1.1751586599055441,0.24246303867300914,-58.86758,-48.50462,0,false,flight-session,20
segmented,19431,-996.936815102703,73.5193786379887,-12.983683869962663,0.738565785816507,1.1751481603780587,0.24631141747484517,-57.34995,-47.230766,0,false,flight-session,20
segmented,19432,-996.2310068315937,74.69142936576333,-12.733625110552836,0.7058082711093026,1.1720507277746273,0.25005875940982614,-55.64754,-45.38759,0,false,flight-session,20
segmented,19433,-995.5566150491132,75.85750336052702,-12.47971024067228,0.6743917824804802,1.1660739947636942,0.25391486988055734,-119.00061,-42.959496,0,false,flight-session,20
segmented,19434,-994.908642503857,77.01494603452919,-12.279572501226795,0.6479725452562958,1.1574426740021646,0.20013773944548488,-121.833694,-40.606586,0,false,flight-session,20
segmented,19435,-994.2876229077502,78.16009881800791,-12.128364792180905,0.6210195961067109,1.1451527834787159,0.15120770904589043,-124.59658,-37.80592,0,false,flight-session,20
segmented,19436,-993.6937003154901,79.28979933217875,-12.021638498170347,0.5939225922601026,1.1297005141708376,0.10672629401055769,-127.29108,-34.481293,0,false,flight-session,20
segmented,19437,-993.1266725473264,80.4013127608783,-11.955360863716164,0.5670277681637224,1.1115134286995507,0.06627763445418328,-129.91974,-30.544909,0,false,flight-session,20
segmented,19438,-992.586034020867,81.49220016942442,-11.92594029170328,0.5406385264593113,1.090887408546129,0.029420572012883638,-132.48586,-25.902353,0,false,flight-session,20
segmented,19439,-992.0710112990762,82.56011616539953,-11.930236055619034,0.5150227217908783,1.0679159959751183,-0.004295763915753033,-134.99359,-20.465061,0,false,flight-session,20
segmented,19440,-991.5806028481759,83.6024714700859,-11.96557469685125,0.49040845090030466,1.0423553046863654,-0.035338641232216195,-141.1926,-20.135233,0,true,flight-session,20
segmented,19441,-991.1169221216284,84.61864040642648,-12.030291918204087,0.7319929839469628,0.8006471853696144,-0.6542183965908396,-142.35977,-17.222385,35,false,flight-session,20
segmented,19442,-990.4116817453579,85.41497959803309,-12.681956462427486,0.8484799004975216,0.6498200096741111,-0.9686822330348948,-142.981,-15.428815,34,false,flight-session,20
segmented,19443,-989.5862710631426,86.07100513337497,-13.6370892760727,0.906082722670816,0.5540902244432673,-1.1317317552332138,-143.33627,-14.209132,33,false,flight-session,20
segmented,19444,-988.7008147771746,86.63549821943404,-14.750417134132132,0.9347826888633309,0.49083436162232624,-1.2176029966318729,-143.55128,-13.29705,32,false,flight-session,20
segmented,19445,-987.7851036279646,87.13808157815961,-15.94741961625584,0.9493464840622118,0.4467394863767759,-1.2638626633621926,-143.68864,-12.545957,31,false,flight-session,20
segmented,19446,-986.8538030800796,87.59656617650705,-17.189758862400886,0.9570236430401996,0.4138082121058748,-1.289719023640532,-143.78206,-11.863479,30,false,flight-session,20
segmented,19447,-985.9140937152421,88.02141610021401,-18.457675322970687,0.9614002582759593,0.3871140647713861,-1.3050311514417843,-158.62138,-12,29,false,flight-session,20
segmented,19448,-985.003364935815,88.4209103909551,-19.758705298504143,0.7584509208758525,0.37642957066089117,-1.4247201508879521,-166.97136,0.47685018,28,false,flight-session,20
segmented,19449,-984.2915596509416,88.7702073042679,-21.183805325188878,0.547535048850242,0.16764016101046486,-1.5406369438557503,-160.43503,0.8937312,27,false,flight-session,20
segmented,19450,-983.7494954775259,88.91488035912369,-22.7090343256678,0.555665440060418,0.05913523622066988,-1.5634325233250552,-160.43408,1.0663712,26,false,flight-session,20
segmented,19451,-983.1993846957912,88.95321252569542,-24.25683183110619,0.5596738490191423,0.003357405239995441,-1.5746748767197434,-160.43367,1.1121104,25,false,flight-session,20
segmented,19452,-982.6448095908082,88.9385132066268,-25.817158252665482,0.5619018815315513,-0.023810162520180034,-1.5809276820721423,-160.43349,1.0945709,24,false,flight-session,20
segmented,19453,-982.0872188601543,88.89985176381927,-27.385955096446597,0.5634112649493912,-0.035546791422473,-1.5851673009465344,-160.43341,1.0484383,23,false,flight-session,20
segmented,19454,-981.5277839733509,88.85083995174747,-28.95993421605076,0.5643379281114128,-0.039988667653649515,-1.5877713581648119,-160.43338,0.9899533,22,false,flight-session,20
segmented,19455,-980.9672992844497,88.79791239399128,-30.536864177758847,0.5648676675673655,-0.04113174230093278,-1.5892603571548563,-160.43336,0.92679334,21,false,flight-session,20
segmented,19456,-980.4062560982073,88.7439787831432,-32.115364205939414,0.565152387944381,-0.04065699264729239,-1.5900607922313037,-160.43335,0.8624305,20,false,flight-session,20
segmented,19457,-979.8449313927614,88.6904659783722,-33.69461191139384,0.5653745645106557,-0.039550277871159646,-1.5904477528307843,-160.43065,0.7985678,19,false,flight-session,20
segmented,19458,-979.2834254470284,88.63793121899145,-35.27415183885603,0.5654699470652761,-0.038083444936612115,-1.5905799819128923,-143.67433,-23.005518,18,false,flight-session,20
segmented,19459,-978.6915127252498,88.66036993648203,-36.8111483726755,0.7594167317875592,0.34341415196961844,-1.3988166016084116,-141.15695,-26.116213,17,false,flight-session,20
segmented,19460,-977.9316952794937,89.05380515719762,-38.1607694495256,0.8586228432660925,0.5708590874061886,-1.269197798504437,-139.40877,-28.040024,16,false,flight-session,20
segmented,19461,-977.0846530357024,89.67100405425843,-39.38732522184483,0.911682650006165,0.7081362802073711,-1.1829367318226853,-146.9307,-17.60418,15,false,flight-session,20
segmented,19462,-976.2004384809524,90.39664641218737,-40.55173244487101,0.884247954946366,0.6198369555986815,-1.2611105469665025,-147.50108,-16.304228,14,false,flight-session,20
segmented,19463,-975.3389186125617,91.03409087102368,-41.790983457965766,0.8691235131109636,0.5573417745202794,-1.3076376654180746,-147.88367,-15.158871,13,false,flight-session,20
segmented,19464,-974.4896635406591,91.60815773568434,-43.07534957604134,0.8608196580530598,0.5092590864555482,-1.3370335336338104,-162.22543,0,12,true,flight-session,20
segmented,19465,-973.6746114121634,92.08763164974266,-44.41655827231913,0.5930134231005841,0.11986847851457842,-1.5494311123867457,-174.05666,0.5723108,11,false,flight-session,20
segmented,19466,-973.1292290000672,92.18549689405928,-45.96046307988772,0.2683646549334793,0.011753656235228453,-1.6540591290595619,-170.78429,0.68911463,10,false,flight-session,20
segmented,19467,-972.863424996862,92.17821584684842,-47.5987067110682,0.2706699024951199,-0.017099782222142743,-1.6680068680784006,-170.78287,0.68042475,9,false,flight-session,20
segmented,19468,-972.5949310884506,92.14548586242552,-49.25329652921335,0.2713428347722123,-0.023217556642772114,-1.6720962266686836,-170.78256,0.6413614,8,false,flight-session,20
segmented,19469,-972.3256845755966,92.1073608152156,-50.91247291401569,0.27153256279824306,-0.02371070443914903,-1.6732525198150865,-131.52899,21.194378,7,false,flight-session,20
segmented,19470,-971.955125780662,92.06123064877792,-52.517250579458725,0.982587892462565,-0.4724508869117633,-1.1893386248516078,-127.36264,22.917234,6,false,flight-session,20
segmented,19471,-970.9281085626445,91.6114114897409,-53.692634123503574,1.1358263463496627,-0.5558287558586096,-1.0627845347310891,-125.83037,23.72774,5,false,flight-session,20
segmented,19472,-969.7557771763356,91.0856703669656,-54.75530683097827,1.2170966056491028,-0.6048654087449241,-0.9868203953089669,-124.83171,24.509747,4,false,flight-session,20
segmented,19473,-968.5055441164828,90.51471865180979,-55.74991223930502,1.2600176720467884,-0.6380326688510057,-0.9390087357242711,-124.139114,25.37607,3,false,flight-session,20
segmented,19474,-967.2138182628697,89.91257226576997,-56.70117316356588,1.2815596449032851,-0.6653051818075606,-0.9065883397663884,-141.09915,31.22696,2,false,flight-session,20
segmented,19475,-965.9456511825492,89.27543456620711,-57.66545104509562,1.0905639389344028,-0.759185454467212,-1.0478090644611977,-142.87096,32.225178,1,false,flight-session,20
segmented,19476,-964.8529238636538,88.55095627245859,-58.75888966936615,0.9804584460917047,-0.8154714292743905,-1.1199925238528696,-143.99084,33.124935,0,false,flight-session,20
segmented,19477,-963.8613333230826,87.77329249533362,-59.919140344725875,0.9143533999538591,-0.8533140499651872,-1.1559424875574118,-144.7313,34.044106,0,false,flight-session,20
segmented,19478,-962.9308725957482,86.95904304584886,-61.11276747301669,0.8719539777042608,-0.8829445151056933,-1.1718539343713128,-145.25066,35.078495,0,false,flight-session,20
segmented,19479,-962.0401515167064,86.11530042485666,-62.32094738261968,0.8418764826308591,-0.9103083491561517,-1.1756705346783944,-145.25066,35.078495,0,false,none,20
segmented,19480,-961.1761255587808,85.24653720996719,-63.53267769500984,0.8285289220727918,-0.9228186461047851,-1.1774457360719794,-145.25066,35.078495,0,false,none,20
segmented,19481,-960.3239210669753,84.36633498916542,-64.74609236223442,0.8226181890127175,-0.9285381490609276,-1.1782879134891946,-145.25066,35.078495,0,false,none,20
segmented,19482,-959.4769410236423,83.480903042131,-65.96031797408703,0.8200059647765172,-0.931153012177258,-1.1786933858032071,-145.25066,35.078495,0,false,none,20
segmented,19483,-958.6322650433184,82.59308014988,-67.17493863456956,0.8188539332719541,-0.9323484847855557,-1.1788909101181613,-145.25066,35.078495,0,false,none,20
segmented,19484,-957.7886028152897,81.70416415661863,-68.38975360758218,0.8183470571243778,-0.932895035290729,-1.1789880663832122,-145.25066,35.078495,0,false,none,20
segmented,19485,-957.3000000119209,81,-68.69999998807907,0.39651594310998917,-0.48843703866004945,-0.5715805798768997,-145.25066,35.078495,0,false,none,20
segmented,19486,-957.3000000119209,81,-68.69999998807907,0.39651594310998917,-0.48843703866004945,-0.5715805798768997,-145.25066,35.078495,0,false,none,12
segmented,19487,-957.3000000119209,81,-68.69999998807907,0,-0.0784000015258789,0,-145.25066,35.078495,0,false,none,12
segmented,19488,-957.3000000119209,81,-68.69999998807907,0,-0.0784000015258789,0,-145.25066,35.078495,0,false,none,12
segmented,19489,-957.3000000119209,81,-68.69999998807907,0,-0.0784000015258789,0,-145.25066,35.078495,0,false,none,12